YEAR,NEIGHBORHOOD,RACE BY AGE,AGE,AGE TOTAL NUMBER OF HIV DIAGNOSES,"AGE HIV DIAGNOSES PER 100,000 POPULATION",AGE TOTAL NUMBER OF CONCURRENT HIV/AIDS DIAGNOSES,AGE PROPORTION OF CONCURRENT HIV/AIDS DIAGNOSES AMONG ALL HIV DIAGNOSES,AGE TOTAL NUMBER OF AIDS DIAGNOSES,"AGE AIDS DIAGNOSES PER 100,000 POPULATION",AGE BOROUGH
2016,all,latino hispanic,60+,39.0,10.6,13.0,33.3,51.0,13.9,all
2016,all,black,40 - 49,157.0,64.9,51.0,32.5,167.0,69.0,all
2016,all,latino hispanic,40 - 49,127.0,39.6,36.0,28.3,117.0,36.5,all
2016,all,other unknown,40 - 49,2.0,11.5,0.0,0.0,5.0,28.9,all
2016,all,white,40 - 49,61.0,18.4,14.0,23.0,47.0,14.1,all
2016,all,all,50 - 59,255.0,23.8,49.0,19.2,282.0,26.3,all
2016,all,asian pacific islander,50 - 59,18.0,10.8,5.0,27.8,10.0,6.0,all
2016,all,black,50 - 59,128.0,47.0,26.0,20.3,134.0,49.2,all
2016,all,latino hispanic,50 - 59,74.0,25.9,10.0,13.5,85.0,29.7,all
2016,all,other unknown,50 - 59,1.0,6.3,1.0,100.0,2.0,12.7,all
2016,all,white,50 - 59,34.0,10.2,7.0,20.6,51.0,15.3,all
2016,all,all,60+,116.0,7.0,35.0,30.2,151.0,9.1,all
2016,all,asian pacific islander,60+,6.0,2.7,4.0,66.7,5.0,2.3,all
2016,all,black,60+,45.0,12.2,12.0,26.7,69.0,18.7,all
2016,all,other unknown,60+,0.0,0.0,0.0,,0.0,0.0,all
2016,all,white,60+,26.0,3.8,6.0,23.1,26.0,3.8,all
2013,all,all,All,2832.0,33.7,574.0,20.3,1784.0,21.2,
2016,all,all,All,2235.0,31.2,367.0,16.4,1390.0,19.4,all
2016,all,asian pacific islander,40 - 49,34.0,19.6,9.0,26.5,13.0,7.5,all
2016,all,white,30 - 39,89.0,19.3,10.0,11.2,40.0,8.7,all
2016,all,black,13 - 19,46.0,28.8,1.0,2.2,11.0,6.9,all
2016,all,latino hispanic,13 - 19,27.0,11.8,2.0,7.4,8.0,3.5,all
2016,all,other unknown,13 - 19,2.0,13.0,0.0,0.0,1.0,6.5,all
2016,all,white,13 - 19,5.0,3.2,0.0,0.0,2.0,1.3,all
2016,all,all,20 - 29,805.0,59.0,72.0,8.9,254.0,18.6,all
2016,all,asian pacific islander,20 - 29,40.0,20.1,7.0,17.5,13.0,6.5,all
2016,all,black,20 - 29,326.0,110.0,32.0,9.8,123.0,41.5,all
2016,all,latino hispanic,20 - 29,302.0,72.8,23.0,7.6,97.0,23.4,all
2016,all,other unknown,20 - 29,14.0,50.1,4.0,28.6,4.0,14.3,all
2016,all,white,20 - 29,123.0,28.9,6.0,4.9,17.0,4.0,all
2016,all,all,30 - 39,595.0,44.6,98.0,16.5,332.0,24.9,all
2016,all,asian pacific islander,30 - 39,44.0,21.0,7.0,15.9,11.0,5.2,all
2016,all,black,30 - 39,231.0,89.6,49.0,21.2,164.0,63.6,all
2016,all,latino hispanic,30 - 39,223.0,58.3,31.0,13.9,116.0,30.4,all
2016,all,other unknown,30 - 39,8.0,34.1,1.0,12.5,1.0,4.3,all
2016,all,all,40 - 49,381.0,35.1,110.0,28.9,349.0,32.1,all
2016,all,all,13 - 19,22.0,16.0,1.0,4.5,7.0,5.1,bronx
2016,all,asian pacific islander,13 - 19,0.0,0.0,0.0,,0.0,0.0,bronx
2016,all,black,13 - 19,10.0,26.1,0.0,0.0,2.0,5.2,bronx
2016,all,white,40 - 49,2.0,13.9,0.0,0.0,1.0,7.0,bronx
2016,all,all,50 - 59,74.0,41.0,10.0,13.5,64.0,35.5,bronx
2016,all,asian pacific islander,50 - 59,2.0,27.0,0.0,0.0,1.0,13.5,bronx
2011,all,all,All,3225.0,39.0,625.0,19.4,2292.0,27.7,
2016,all,black,50 - 59,39.0,64.6,7.0,17.9,26.0,43.1,bronx
2016,all,latino hispanic,50 - 59,30.0,32.4,3.0,10.0,34.0,36.7,bronx
2016,all,other unknown,50 - 59,0.0,0.0,0.0,,0.0,0.0,bronx
2016,all,white,50 - 59,3.0,16.7,0.0,0.0,3.0,16.7,bronx
2016,all,all,60+,24.0,9.7,5.0,20.8,40.0,16.2,bronx
2016,all,asian pacific islander,60+,0.0,0.0,0.0,,0.0,0.0,bronx
2016,all,black,60+,12.0,16.1,2.0,16.7,19.0,25.4,bronx
2016,all,latino hispanic,60+,12.0,10.6,3.0,25.0,20.0,17.7,bronx
2016,all,other unknown,60+,0.0,0.0,0.0,,0.0,0.0,bronx
2016,all,white,60+,0.0,0.0,0.0,,1.0,2.1,bronx
2016,all,all,All,489.0,41.5,94.0,19.2,337.0,28.6,bronx
2016,all,other unknown,40 - 49,1.0,52.3,0.0,0.0,1.0,52.3,bronx
2016,all,latino hispanic,40 - 49,37.0,37.0,10.0,27.0,32.0,32.0,bronx
2016,all,black,40 - 49,51.0,94.4,17.0,33.3,43.0,79.6,bronx
2016,all,asian pacific islander,40 - 49,2.0,25.4,0.0,0.0,1.0,12.7,bronx
2016,all,latino hispanic,13 - 19,11.0,13.2,1.0,9.1,4.0,4.8,bronx
2016,all,other unknown,13 - 19,0.0,0.0,0.0,,0.0,0.0,bronx
2016,all,white,13 - 19,1.0,10.9,0.0,0.0,1.0,10.9,bronx
2016,all,all,20 - 29,165.0,70.0,19.0,11.5,62.0,26.3,bronx
2016,all,asian pacific islander,20 - 29,3.0,34.8,0.0,0.0,1.0,11.6,bronx
2016,all,black,20 - 29,73.0,109.6,11.0,15.1,32.0,48.0,bronx
2016,all,latino hispanic,20 - 29,85.0,60.4,7.0,8.2,28.0,19.9,bronx
2016,all,asian pacific islander,13 - 19,3.0,3.7,0.0,0.0,0.0,0.0,all
2016,all,other unknown,20 - 29,1.0,36.8,1.0,100.0,1.0,36.8,bronx
2016,all,all,30 - 39,111.0,55.5,32.0,28.8,86.0,43.0,bronx
2016,all,asian pacific islander,30 - 39,1.0,11.1,1.0,100.0,1.0,11.1,bronx
2016,all,black,30 - 39,49.0,86.5,19.0,38.8,40.0,70.6,bronx
2016,all,latino hispanic,30 - 39,56.0,47.9,12.0,21.4,42.0,35.9,bronx
2016,all,other unknown,30 - 39,1.0,45.1,0.0,0.0,0.0,0.0,bronx
2016,all,white,30 - 39,4.0,26.3,0.0,0.0,3.0,19.7,bronx
2016,all,all,40 - 49,93.0,52.2,27.0,29.0,78.0,43.8,bronx
2016,all,white,20 - 29,3.0,17.6,0.0,0.0,0.0,0.0,bronx
2016,all,all,13 - 19,83.0,12.9,3.0,3.6,22.0,3.4,all
2010,all,all,All,3353.0,40.6,680.0,20.3,2611.0,31.6,
2016,all,white,13 - 19,1.0,1.6,0.0,0.0,1.0,1.6,brooklyn
2016,all,black,50 - 59,52.0,46.7,13.0,25.0,45.0,40.4,brooklyn
2016,all,asian pacific islander,50 - 59,5.0,11.7,2.0,40.0,3.0,7.0,brooklyn
2016,all,all,50 - 59,77.0,25.0,19.0,24.7,72.0,23.4,brooklyn
2016,all,white,40 - 49,8.0,7.3,3.0,37.5,8.0,7.3,brooklyn
2016,all,other unknown,40 - 49,1.0,19.2,0.0,0.0,0.0,0.0,brooklyn
2016,all,latino hispanic,40 - 49,18.0,28.0,9.0,50.0,23.0,35.8,brooklyn
2016,all,black,40 - 49,42.0,42.0,12.0,28.6,47.0,47.0,brooklyn
2016,all,asian pacific islander,40 - 49,4.0,9.2,0.0,0.0,1.0,2.3,brooklyn
2016,all,all,40 - 49,73.0,22.6,24.0,32.9,79.0,24.4,brooklyn
2016,all,white,30 - 39,16.0,9.4,5.0,31.3,8.0,4.7,brooklyn
2016,all,other unknown,30 - 39,2.0,25.6,1.0,50.0,1.0,12.8,brooklyn
2016,all,latino hispanic,30 - 39,25.0,31.4,2.0,8.0,10.0,12.6,brooklyn
2016,all,latino hispanic,50 - 59,11.0,20.1,1.0,9.1,14.0,25.6,brooklyn
2016,all,black,30 - 39,96.0,87.8,17.0,17.7,51.0,46.6,brooklyn
2016,all,all,30 - 39,149.0,35.3,26.0,17.4,71.0,16.8,brooklyn
2016,all,white,20 - 29,33.0,21.9,4.0,12.1,5.0,3.3,brooklyn
2016,all,other unknown,20 - 29,4.0,45.7,0.0,0.0,0.0,0.0,brooklyn
2016,all,latino hispanic,20 - 29,42.0,49.7,5.0,11.9,18.0,21.3,brooklyn
2012,all,all,All,2990.0,35.8,549.0,18.4,2036.0,24.4,
2016,all,black,20 - 29,120.0,97.1,11.0,9.2,32.0,25.9,brooklyn
2016,all,all,13 - 19,26.0,12.8,0.0,0.0,5.0,2.5,brooklyn
2016,all,asian pacific islander,13 - 19,1.0,4.3,0.0,0.0,0.0,0.0,brooklyn
2016,all,black,13 - 19,20.0,29.9,0.0,0.0,3.0,4.5,brooklyn
2016,all,latino hispanic,13 - 19,4.0,8.6,0.0,0.0,1.0,2.1,brooklyn
2016,all,other unknown,13 - 19,0.0,0.0,0.0,,0.0,0.0,brooklyn
2016,all,asian pacific islander,20 - 29,10.0,19.0,2.0,20.0,3.0,5.7,brooklyn
2016,all,asian pacific islander,30 - 39,10.0,18.3,1.0,10.0,1.0,1.8,brooklyn
2016,all,other unknown,50 - 59,0.0,0.0,0.0,,0.0,0.0,brooklyn
2016,all,all,20 - 29,209.0,49.8,22.0,10.5,58.0,13.8,brooklyn
2016,all,latino hispanic,60+,6.0,8.4,3.0,50.0,7.0,9.8,brooklyn
2016,all,white,60+,5.0,2.6,1.0,20.0,5.0,2.6,brooklyn
2016,all,black,60+,18.0,11.3,5.0,27.8,32.0,20.1,brooklyn
2016,all,all,All,566.0,26.2,102.0,18.0,332.0,15.4,brooklyn
2016,all,white,50 - 59,9.0,9.4,3.0,33.3,10.0,10.5,brooklyn
2016,all,all,60+,32.0,6.7,11.0,34.4,47.0,9.8,brooklyn
2016,all,asian pacific islander,60+,3.0,5.8,2.0,66.7,3.0,5.8,brooklyn
2016,all,other unknown,60+,0.0,0.0,0.0,,0.0,0.0,brooklyn
2010,bayside little neck,native american,60+,0.0,0.0,0.0,0.0,0.0,0.0,
2013,bayside little neck,asian pacific islander,0 - 19,0.0,0.0,0.0,0.0,0.0,0.0,
2011,bayside little neck,black,50 - 59,0.0,0.0,0.0,0.0,0.0,0.0,
2010,bayside little neck,multiracial,40 - 49,0.0,0.0,0.0,0.0,0.0,0.0,
2012,bayside little neck,white,40 - 49,0.0,0.0,0.0,0.0,0.0,0.0,
2013,bayside little neck,native american,30 - 39,0.0,0.0,0.0,0.0,0.0,0.0,
2012,bayside little neck,multiracial,20 - 29,0.0,0.0,0.0,0.0,0.0,0.0,
2010,bayside little neck,native american,All,0.0,0.0,0.0,0.0,0.0,0.0,
2013,bayside little neck,multiracial,0 - 19,0.0,0.0,0.0,0.0,0.0,0.0,
2011,bayside little neck,hispanic,40 - 49,1.0,70.5,0.0,0.0,0.0,0.0,
2013,bayside little neck,black,30 - 39,0.0,0.0,0.0,0.0,0.0,0.0,
2012,bayside little neck,native american,20 - 29,0.0,0.0,0.0,0.0,0.0,0.0,
2013,bayside little neck,hispanic,50 - 59,0.0,0.0,0.0,0.0,0.0,0.0,
2011,bayside little neck,multiracial,50 - 59,0.0,0.0,0.0,0.0,0.0,0.0,
2013,bayside little neck,native american,50 - 59,0.0,0.0,0.0,0.0,0.0,0.0,
2011,bayside little neck,asian pacific islander,40 - 49,0.0,0.0,0.0,0.0,0.0,0.0,
2011,bayside little neck,multiracial,40 - 49,0.0,0.0,0.0,0.0,0.0,0.0,
2012,bayside little neck,asian pacific islander,0 - 19,0.0,0.0,0.0,0.0,0.0,0.0,
2013,bayside little neck,multiracial,40 - 49,0.0,0.0,0.0,0.0,0.0,0.0,
2010,bayside little neck,black,0 - 19,0.0,0.0,0.0,0.0,0.0,0.0,
2012,bayside little neck,white,20 - 29,0.0,0.0,0.0,0.0,0.0,0.0,
2011,bayside little neck,hispanic,20 - 29,0.0,0.0,0.0,0.0,0.0,0.0,
2010,bayside little neck,black,60+,0.0,0.0,0.0,0.0,0.0,0.0,
2013,bayside little neck,white,30 - 39,0.0,0.0,0.0,0.0,0.0,0.0,
2010,bayside little neck,native american,40 - 49,0.0,0.0,0.0,0.0,0.0,0.0,
2011,bayside little neck,black,30 - 39,,,0.0,0.0,0.0,0.0,
2010,bayside little neck,multiracial,All,0.0,0.0,0.0,0.0,0.0,0.0,
2012,bayside little neck,hispanic,60+,0.0,0.0,0.0,0.0,0.0,0.0,
2011,bayside little neck,hispanic,30 - 39,0.0,0.0,0.0,0.0,0.0,0.0,
2011,bayside little neck,all,All,6.0,6.8,0.0,0.0,1.0,1.1,
2013,bayside little neck,white,0 - 19,0.0,0.0,0.0,0.0,0.0,0.0,
2011,bayside little neck,unknown,60+,0.0,,0.0,,0.0,,
2012,bayside little neck,asian pacific islander,30 - 39,0.0,0.0,0.0,0.0,0.0,0.0,
2010,bayside little neck,hispanic,0 - 19,0.0,0.0,0.0,0.0,0.0,0.0,
2013,bayside little neck,asian pacific islander,40 - 49,0.0,0.0,0.0,0.0,0.0,0.0,
2012,bayside little neck,black,All,1.0,47.2,0.0,0.0,0.0,0.0,
2010,bayside little neck,native american,50 - 59,0.0,0.0,0.0,0.0,0.0,0.0,
2010,bayside little neck,unknown,50 - 59,0.0,,0.0,,0.0,,
2012,bayside little neck,all,All,2.0,2.3,0.0,0.0,0.0,0.0,
2013,bayside little neck,native american,0 - 19,0.0,0.0,0.0,0.0,0.0,0.0,
2011,bayside little neck,asian pacific islander,All,0.0,0.0,0.0,0.0,0.0,0.0,
2013,bayside little neck,asian pacific islander,60+,0.0,0.0,0.0,0.0,0.0,0.0,
2013,bayside little neck,multiracial,50 - 59,0.0,0.0,0.0,0.0,0.0,0.0,
2013,bayside little neck,hispanic,0 - 19,0.0,0.0,0.0,0.0,0.0,0.0,
2013,bayside little neck,native american,60+,0.0,0.0,0.0,0.0,0.0,0.0,
2010,bayside little neck,multiracial,30 - 39,0.0,0.0,0.0,0.0,0.0,0.0,
2011,bayside little neck,white,60+,0.0,0.0,0.0,0.0,0.0,0.0,
2010,bayside little neck,unknown,All,0.0,,0.0,,0.0,,
2011,bayside little neck,native american,50 - 59,0.0,0.0,0.0,0.0,0.0,0.0,
2010,bayside little neck,asian pacific islander,0 - 19,0.0,0.0,0.0,0.0,0.0,0.0,
2013,bayside little neck,hispanic,40 - 49,0.0,0.0,0.0,0.0,0.0,0.0,
2010,bayside little neck,hispanic,40 - 49,0.0,0.0,0.0,0.0,0.0,0.0,
2012,bayside little neck,white,60+,0.0,0.0,0.0,0.0,0.0,0.0,
2011,bayside little neck,unknown,40 - 49,0.0,,0.0,,0.0,,
2012,bayside little neck,unknown,40 - 49,0.0,,0.0,,0.0,,
2010,bayside little neck,white,30 - 39,0.0,0.0,0.0,0.0,0.0,0.0,
2010,bayside little neck,hispanic,50 - 59,0.0,0.0,0.0,0.0,1.0,95.0,
2010,bayside little neck,native american,20 - 29,0.0,0.0,0.0,0.0,0.0,0.0,
2012,bayside little neck,asian pacific islander,All,0.0,0.0,0.0,0.0,0.0,0.0,
2010,bayside little neck,multiracial,60+,0.0,0.0,0.0,0.0,0.0,0.0,
2012,bayside little neck,native american,50 - 59,0.0,0.0,0.0,0.0,0.0,0.0,
2010,bayside little neck,black,30 - 39,0.0,0.0,0.0,0.0,0.0,0.0,
2013,bayside little neck,multiracial,60+,0.0,0.0,0.0,0.0,0.0,0.0,
2011,bayside little neck,black,60+,0.0,0.0,0.0,0.0,0.0,0.0,
2013,bayside little neck,hispanic,30 - 39,0.0,0.0,0.0,0.0,0.0,0.0,
2011,bayside little neck,white,All,3.0,7.5,0.0,0.0,1.0,2.5,
2010,bayside little neck,multiracial,50 - 59,0.0,0.0,0.0,0.0,0.0,0.0,
2010,bayside little neck,white,All,0.0,0.0,0.0,0.0,3.0,7.4,
2012,bayside little neck,hispanic,20 - 29,0.0,0.0,0.0,0.0,0.0,0.0,
2013,bayside little neck,asian pacific islander,30 - 39,0.0,0.0,0.0,0.0,0.0,0.0,
2011,bayside little neck,black,All,2.0,94.5,0.0,0.0,0.0,0.0,
2010,bayside little neck,hispanic,20 - 29,1.0,80.2,0.0,0.0,0.0,0.0,
2010,bayside little neck,unknown,20 - 29,0.0,,0.0,,0.0,,
2011,bayside little neck,native american,30 - 39,0.0,0.0,0.0,0.0,0.0,0.0,
2012,bayside little neck,multiracial,30 - 39,0.0,0.0,0.0,0.0,0.0,0.0,
2012,bayside little neck,unknown,30 - 39,0.0,,0.0,,0.0,,
2012,bayside little neck,white,30 - 39,0.0,0.0,0.0,0.0,0.0,0.0,
2011,bayside little neck,multiracial,30 - 39,0.0,0.0,0.0,0.0,0.0,0.0,
2011,bayside little neck,black,40 - 49,0.0,0.0,0.0,0.0,0.0,0.0,
2011,bayside little neck,white,40 - 49,1.0,19.4,0.0,0.0,0.0,0.0,
2013,bayside little neck,asian pacific islander,20 - 29,0.0,0.0,0.0,0.0,0.0,0.0,
2010,bayside little neck,unknown,60+,0.0,,0.0,,0.0,,
2010,bayside little neck,white,60+,0.0,0.0,0.0,0.0,0.0,0.0,
2010,bayside little neck,hispanic,60+,0.0,0.0,0.0,0.0,0.0,0.0,
2012,bayside little neck,hispanic,50 - 59,0.0,0.0,0.0,0.0,0.0,0.0,
2012,bayside little neck,multiracial,50 - 59,0.0,0.0,0.0,0.0,0.0,0.0,
2011,bayside little neck,unknown,30 - 39,0.0,,0.0,,0.0,,
2010,bayside little neck,black,50 - 59,0.0,0.0,0.0,0.0,,,
2011,bayside little neck,multiracial,20 - 29,0.0,0.0,0.0,0.0,0.0,0.0,
2010,bayside little neck,unknown,0 - 19,0.0,,0.0,,0.0,,
2010,bayside little neck,native american,30 - 39,0.0,0.0,0.0,0.0,0.0,0.0,
2013,bayside little neck,black,20 - 29,0.0,0.0,0.0,0.0,0.0,0.0,
2011,bayside little neck,native american,20 - 29,0.0,0.0,0.0,0.0,0.0,0.0,
2013,bayside little neck,native american,40 - 49,0.0,0.0,0.0,0.0,0.0,0.0,
2013,bayside little neck,unknown,40 - 49,0.0,,0.0,,0.0,,
2012,bayside little neck,white,50 - 59,0.0,0.0,0.0,0.0,0.0,0.0,
2010,bayside little neck,asian pacific islander,30 - 39,0.0,0.0,0.0,0.0,0.0,0.0,
2013,bayside little neck,black,60+,0.0,0.0,0.0,0.0,0.0,0.0,
2011,bayside little neck,unknown,0 - 19,0.0,,0.0,,0.0,,
2010,bayside little neck,native american,0 - 19,0.0,0.0,0.0,0.0,0.0,0.0,
2012,bayside little neck,black,60+,0.0,0.0,0.0,0.0,0.0,0.0,
2013,bayside little neck,hispanic,All,0.0,0.0,0.0,0.0,0.0,0.0,
2013,bayside little neck,multiracial,30 - 39,0.0,0.0,0.0,0.0,0.0,0.0,
2011,bayside little neck,unknown,20 - 29,0.0,,0.0,,0.0,,
2011,bayside little neck,asian pacific islander,50 - 59,0.0,0.0,0.0,0.0,0.0,0.0,
2012,bayside little neck,native american,60+,0.0,0.0,0.0,0.0,0.0,0.0,
2011,bayside little neck,unknown,50 - 59,0.0,,0.0,,0.0,,
2010,bayside little neck,white,20 - 29,0.0,0.0,0.0,0.0,0.0,0.0,
2013,bayside little neck,black,0 - 19,0.0,0.0,0.0,0.0,0.0,0.0,
2011,bayside little neck,white,20 - 29,0.0,0.0,0.0,0.0,0.0,0.0,
2013,bayside little neck,asian pacific islander,All,0.0,0.0,0.0,0.0,0.0,0.0,
2010,bayside little neck,white,40 - 49,0.0,0.0,0.0,0.0,1.0,19.0,
2012,bayside little neck,multiracial,0 - 19,1.0,180.8,0.0,0.0,0.0,0.0,
2011,bayside little neck,multiracial,60+,0.0,0.0,0.0,0.0,0.0,0.0,
2012,bayside little neck,black,50 - 59,0.0,0.0,0.0,0.0,0.0,0.0,
2013,bayside little neck,native american,All,0.0,0.0,0.0,0.0,0.0,0.0,
2010,bayside little neck,asian pacific islander,40 - 49,0.0,0.0,0.0,0.0,0.0,0.0,
2013,bayside little neck,white,20 - 29,0.0,0.0,0.0,0.0,0.0,0.0,
2012,bayside little neck,asian pacific islander,20 - 29,0.0,0.0,0.0,0.0,0.0,0.0,
2013,bayside little neck,white,60+,0.0,0.0,0.0,0.0,0.0,0.0,
2010,bayside little neck,hispanic,30 - 39,0.0,0.0,0.0,0.0,1.0,74.3,
2011,bayside little neck,unknown,All,0.0,,0.0,,0.0,,
2010,bayside little neck,white,50 - 59,0.0,0.0,0.0,0.0,2.0,28.9,
2013,bayside little neck,black,50 - 59,0.0,0.0,0.0,0.0,0.0,0.0,
2012,bayside little neck,white,All,0.0,0.0,0.0,0.0,0.0,0.0,
2012,bayside little neck,multiracial,60+,0.0,0.0,0.0,0.0,0.0,0.0,
2011,bayside little neck,native american,0 - 19,0.0,0.0,0.0,0.0,0.0,0.0,
2011,bayside little neck,hispanic,60+,0.0,0.0,0.0,0.0,0.0,0.0,
2012,bayside little neck,asian pacific islander,60+,0.0,0.0,0.0,0.0,0.0,0.0,
2011,bayside little neck,asian pacific islander,60+,0.0,0.0,0.0,0.0,0.0,0.0,
2012,bayside little neck,multiracial,All,1.0,88.6,0.0,0.0,0.0,0.0,
2011,bayside little neck,black,20 - 29,0.0,0.0,0.0,0.0,0.0,0.0,
2013,bayside little neck,unknown,20 - 29,0.0,,0.0,,0.0,,
2012,bayside little neck,black,0 - 19,0.0,0.0,0.0,0.0,0.0,0.0,
2013,bayside little neck,unknown,50 - 59,0.0,,0.0,,0.0,,
2012,bayside little neck,native american,0 - 19,0.0,0.0,0.0,0.0,0.0,0.0,
2010,bayside little neck,black,20 - 29,0.0,0.0,0.0,0.0,0.0,0.0,
2011,bayside little neck,native american,40 - 49,0.0,0.0,0.0,0.0,0.0,0.0,
2013,bayside little neck,white,All,1.0,2.5,1.0,100.0,1.0,2.5,
2012,bayside little neck,native american,40 - 49,0.0,0.0,0.0,0.0,0.0,0.0,
2012,bayside little neck,unknown,50 - 59,0.0,,0.0,,0.0,,
2012,bayside little neck,black,30 - 39,0.0,0.0,0.0,0.0,0.0,0.0,
2010,bayside little neck,black,All,1.0,47.5,1.0,100.0,3.0,142.6,
2012,bayside little neck,black,40 - 49,,,0.0,0.0,0.0,0.0,
2013,bayside little neck,unknown,All,0.0,,0.0,,0.0,,
2013,bayside little neck,white,40 - 49,0.0,0.0,0.0,0.0,0.0,0.0,
2013,bayside little neck,hispanic,60+,0.0,0.0,0.0,0.0,0.0,0.0,
2013,bayside little neck,asian pacific islander,50 - 59,0.0,0.0,0.0,0.0,0.0,0.0,
2012,bayside little neck,unknown,20 - 29,0.0,,0.0,,0.0,,
2012,bayside little neck,asian pacific islander,50 - 59,0.0,0.0,0.0,0.0,0.0,0.0,
2013,bayside little neck,unknown,60+,0.0,,0.0,,0.0,,
2010,bayside little neck,asian pacific islander,50 - 59,0.0,0.0,0.0,0.0,0.0,0.0,
2013,bayside little neck,hispanic,20 - 29,0.0,0.0,0.0,0.0,0.0,0.0,
2011,bayside little neck,black,0 - 19,0.0,0.0,0.0,0.0,0.0,0.0,
2012,bayside little neck,hispanic,0 - 19,0.0,0.0,0.0,0.0,0.0,0.0,
2010,bayside little neck,black,40 - 49,,,,,,,
2013,bayside little neck,multiracial,20 - 29,0.0,0.0,0.0,0.0,0.0,0.0,
2012,bayside little neck,native american,30 - 39,0.0,0.0,0.0,0.0,0.0,0.0,
2012,bayside little neck,white,0 - 19,0.0,0.0,0.0,0.0,0.0,0.0,
2010,bayside little neck,asian pacific islander,All,0.0,0.0,0.0,0.0,0.0,0.0,
2010,bayside little neck,multiracial,0 - 19,0.0,0.0,0.0,0.0,0.0,0.0,
2012,bayside little neck,hispanic,30 - 39,0.0,0.0,0.0,0.0,0.0,0.0,
2010,bayside little neck,hispanic,All,1.0,11.6,0.0,0.0,2.0,23.2,
2011,bayside little neck,hispanic,50 - 59,0.0,0.0,0.0,0.0,0.0,0.0,
2013,bayside little neck,unknown,0 - 19,0.0,,0.0,,0.0,,
2011,bayside little neck,native american,All,0.0,0.0,0.0,0.0,0.0,0.0,
2010,bayside little neck,unknown,30 - 39,0.0,,0.0,,0.0,,
2011,bayside little neck,hispanic,0 - 19,0.0,0.0,0.0,0.0,0.0,0.0,
2011,bayside little neck,native american,60+,0.0,0.0,0.0,0.0,0.0,0.0,
2011,bayside little neck,multiracial,0 - 19,0.0,0.0,0.0,0.0,0.0,0.0,
2011,bayside little neck,white,30 - 39,0.0,0.0,0.0,0.0,0.0,0.0,
2010,bayside little neck,all,All,2.0,2.3,1.0,50.0,8.0,9.1,
2011,bayside little neck,asian pacific islander,30 - 39,0.0,0.0,0.0,0.0,0.0,0.0,
2010,bayside little neck,unknown,40 - 49,0.0,,0.0,,0.0,,
2012,bayside little neck,hispanic,All,0.0,0.0,0.0,0.0,0.0,0.0,
2011,bayside little neck,asian pacific islander,0 - 19,0.0,0.0,0.0,0.0,0.0,0.0,
2010,bayside little neck,multiracial,20 - 29,0.0,0.0,0.0,0.0,0.0,0.0,
2011,bayside little neck,hispanic,All,1.0,11.5,0.0,0.0,0.0,0.0,
2011,bayside little neck,multiracial,All,0.0,0.0,0.0,0.0,0.0,0.0,
2013,bayside little neck,white,50 - 59,1.0,15.0,1.0,100.0,1.0,15.0,
2010,bayside little neck,white,0 - 19,0.0,0.0,0.0,0.0,0.0,0.0,
2013,bayside little neck,unknown,30 - 39,0.0,,0.0,,0.0,,
2012,bayside little neck,multiracial,40 - 49,0.0,0.0,0.0,0.0,0.0,0.0,
2013,bayside little neck,native american,20 - 29,0.0,0.0,0.0,0.0,0.0,0.0,
2010,bayside little neck,asian pacific islander,20 - 29,0.0,0.0,0.0,0.0,0.0,0.0,
2010,bayside little neck,asian pacific islander,60+,0.0,0.0,0.0,0.0,0.0,0.0,
2013,bayside little neck,black,40 - 49,0.0,0.0,0.0,0.0,0.0,0.0,
2011,bayside little neck,white,0 - 19,0.0,0.0,0.0,0.0,0.0,0.0,
2012,bayside little neck,black,20 - 29,0.0,0.0,0.0,0.0,0.0,0.0,
2011,bayside little neck,white,50 - 59,2.0,29.4,0.0,0.0,1.0,14.7,
2012,bayside little neck,unknown,60+,0.0,,0.0,,0.0,,
2012,bayside little neck,unknown,All,0.0,,0.0,,0.0,,
2012,bayside little neck,native american,All,0.0,0.0,0.0,0.0,0.0,0.0,
2013,bayside little neck,all,All,1.0,1.1,1.0,100.0,1.0,1.1,
2011,bayside little neck,asian pacific islander,20 - 29,0.0,0.0,0.0,0.0,0.0,0.0,
2013,bayside little neck,multiracial,All,0.0,0.0,0.0,0.0,0.0,0.0,
2012,bayside little neck,unknown,0 - 19,0.0,,0.0,,0.0,,
2013,bayside little neck,black,All,0.0,0.0,0.0,0.0,0.0,0.0,
2012,bayside little neck,asian pacific islander,40 - 49,0.0,0.0,0.0,0.0,0.0,0.0,
2012,bayside little neck,hispanic,40 - 49,0.0,0.0,0.0,0.0,0.0,0.0,
2011,bedford stuyvesant crown heights,unknown,50 - 59,0.0,,0.0,,0.0,,
2012,bedford stuyvesant crown heights,white,50 - 59,1.0,43.0,1.0,100.0,2.0,86.0,
2010,bedford stuyvesant crown heights,unknown,60+,0.0,,0.0,,0.0,,
2013,bedford stuyvesant crown heights,hispanic,30 - 39,5.0,77.8,1.0,20.0,4.0,62.2,
2012,bedford stuyvesant crown heights,white,All,8.0,21.5,2.0,25.0,13.0,34.9,
2013,bedford stuyvesant crown heights,white,30 - 39,4.0,39.4,0.0,0.0,1.0,9.8,
2013,bedford stuyvesant crown heights,asian pacific islander,30 - 39,0.0,0.0,0.0,0.0,0.0,0.0,
2011,bedford stuyvesant crown heights,unknown,All,0.0,,0.0,,0.0,,
2011,bedford stuyvesant crown heights,multiracial,20 - 29,0.0,0.0,0.0,0.0,0.0,0.0,
2013,bedford stuyvesant crown heights,multiracial,0 - 19,0.0,0.0,0.0,0.0,0.0,0.0,
2010,bedford stuyvesant crown heights,hispanic,50 - 59,4.0,90.9,1.0,25.0,3.0,68.1,
2012,bedford stuyvesant crown heights,asian pacific islander,20 - 29,0.0,0.0,0.0,0.0,0.0,0.0,
2013,bedford stuyvesant crown heights,native american,0 - 19,0.0,0.0,0.0,0.0,0.0,0.0,
2012,bedford stuyvesant crown heights,hispanic,20 - 29,8.0,114.0,1.0,12.5,8.0,114.0,
2010,bedford stuyvesant crown heights,unknown,0 - 19,0.0,,0.0,,0.0,,
2013,bedford stuyvesant crown heights,hispanic,0 - 19,3.0,22.0,0.0,0.0,0.0,0.0,
2011,bedford stuyvesant crown heights,multiracial,40 - 49,0.0,0.0,0.0,0.0,0.0,0.0,
2012,bedford stuyvesant crown heights,native american,0 - 19,0.0,0.0,0.0,0.0,0.0,0.0,
2011,bedford stuyvesant crown heights,white,20 - 29,7.0,62.2,0.0,0.0,0.0,0.0,
2010,bedford stuyvesant crown heights,multiracial,30 - 39,1.0,109.0,0.0,0.0,0.0,0.0,
2013,bedford stuyvesant crown heights,multiracial,40 - 49,1.0,155.0,0.0,0.0,0.0,0.0,
2010,bedford stuyvesant crown heights,asian pacific islander,50 - 59,1.0,185.8,0.0,0.0,0.0,0.0,
2010,bedford stuyvesant crown heights,hispanic,All,30.0,70.9,2.0,6.7,17.0,40.1,
2011,bedford stuyvesant crown heights,unknown,20 - 29,0.0,,0.0,,0.0,,
2013,bedford stuyvesant crown heights,hispanic,60+,0.0,0.0,0.0,0.0,0.0,0.0,
2010,bedford stuyvesant crown heights,hispanic,30 - 39,8.0,126.3,0.0,0.0,4.0,63.2,
2011,bedford stuyvesant crown heights,hispanic,All,18.0,42.8,2.0,11.1,17.0,40.4,
2013,bedford stuyvesant crown heights,white,20 - 29,5.0,44.0,2.0,40.0,2.0,17.6,
2012,bedford stuyvesant crown heights,unknown,0 - 19,0.0,,0.0,,0.0,,
2013,bedford stuyvesant crown heights,unknown,0 - 19,0.0,,0.0,,0.0,,
2013,bedford stuyvesant crown heights,native american,All,1.0,112.2,0.0,0.0,1.0,112.2,
2011,bedford stuyvesant crown heights,unknown,30 - 39,0.0,,0.0,,0.0,,
2012,bedford stuyvesant crown heights,multiracial,60+,0.0,0.0,0.0,0.0,0.0,0.0,
2013,bedford stuyvesant crown heights,multiracial,50 - 59,1.0,187.6,1.0,100.0,1.0,187.6,
2010,bedford stuyvesant crown heights,multiracial,50 - 59,0.0,0.0,0.0,0.0,0.0,0.0,
2012,bedford stuyvesant crown heights,black,50 - 59,19.0,63.4,7.0,36.8,21.0,70.1,
2016,bedford stuyvesant crown heights,asian pacific islander,13 - 19,0.0,0.0,0.0,,0.0,0.0,brooklyn
2010,bedford stuyvesant crown heights,unknown,50 - 59,0.0,,0.0,,0.0,,
2010,bedford stuyvesant crown heights,white,20 - 29,4.0,35.2,2.0,50.0,5.0,44.0,
2010,bedford stuyvesant crown heights,native american,30 - 39,0.0,0.0,0.0,0.0,0.0,0.0,
2010,bedford stuyvesant crown heights,unknown,All,0.0,,0.0,,0.0,,
2013,bedford stuyvesant crown heights,black,0 - 19,3.0,5.1,0.0,0.0,3.0,5.1,
2011,bedford stuyvesant crown heights,black,0 - 19,16.0,26.3,1.0,6.3,2.0,3.3,
2011,bedford stuyvesant crown heights,native american,30 - 39,0.0,0.0,0.0,0.0,0.0,0.0,
2013,bedford stuyvesant crown heights,white,40 - 49,3.0,74.3,1.0,33.3,1.0,24.8,
2012,bedford stuyvesant crown heights,asian pacific islander,30 - 39,0.0,0.0,0.0,0.0,2.0,119.8,
2010,bedford stuyvesant crown heights,black,30 - 39,31.0,98.5,10.0,32.3,35.0,111.2,
2013,bedford stuyvesant crown heights,black,30 - 39,26.0,83.1,8.0,30.8,24.0,76.7,
2013,bedford stuyvesant crown heights,unknown,20 - 29,0.0,,0.0,,0.0,,
2010,bedford stuyvesant crown heights,black,50 - 59,23.0,78.4,8.0,34.8,33.0,112.5,
2011,bedford stuyvesant crown heights,black,All,197.0,86.7,49.0,24.9,167.0,73.5,
2012,bedford stuyvesant crown heights,native american,50 - 59,0.0,0.0,0.0,0.0,0.0,0.0,
2012,bedford stuyvesant crown heights,asian pacific islander,0 - 19,0.0,0.0,0.0,0.0,0.0,0.0,
2013,bedford stuyvesant crown heights,asian pacific islander,All,0.0,0.0,0.0,0.0,1.0,14.8,
2013,bedford stuyvesant crown heights,unknown,30 - 39,0.0,,0.0,,0.0,,
2013,bedford stuyvesant crown heights,black,All,150.0,65.9,32.0,21.3,108.0,47.5,
2013,bedford stuyvesant crown heights,native american,50 - 59,0.0,0.0,0.0,0.0,0.0,0.0,
2010,bedford stuyvesant crown heights,native american,40 - 49,0.0,0.0,0.0,0.0,0.0,0.0,
2013,bedford stuyvesant crown heights,asian pacific islander,60+,0.0,0.0,0.0,0.0,0.0,0.0,
2012,bedford stuyvesant crown heights,hispanic,60+,0.0,0.0,0.0,0.0,2.0,37.0,
2011,bedford stuyvesant crown heights,white,60+,0.0,0.0,0.0,0.0,0.0,0.0,
2013,bedford stuyvesant crown heights,multiracial,20 - 29,1.0,98.8,0.0,0.0,0.0,0.0,
2010,bedford stuyvesant crown heights,white,30 - 39,4.0,43.8,0.0,0.0,2.0,21.9,
2011,bedford stuyvesant crown heights,asian pacific islander,20 - 29,3.0,186.0,1.0,33.3,1.0,62.0,
2013,bedford stuyvesant crown heights,asian pacific islander,50 - 59,0.0,0.0,0.0,0.0,0.0,0.0,
2010,bedford stuyvesant crown heights,white,All,11.0,30.0,2.0,18.2,11.0,30.0,
2012,bedford stuyvesant crown heights,hispanic,30 - 39,6.0,94.3,2.0,33.3,5.0,78.6,
2010,bedford stuyvesant crown heights,native american,20 - 29,0.0,0.0,0.0,0.0,0.0,0.0,
2016,bedford stuyvesant crown heights,all,13 - 19,7.0,26.3,0.0,0.0,2.0,7.5,brooklyn
2013,bedford stuyvesant crown heights,multiracial,60+,0.0,0.0,0.0,0.0,0.0,0.0,
2011,bedford stuyvesant crown heights,unknown,60+,0.0,,0.0,,0.0,,
2012,bedford stuyvesant crown heights,asian pacific islander,60+,1.0,140.3,1.0,100.0,1.0,140.3,
2011,bedford stuyvesant crown heights,black,20 - 29,58.0,164.3,6.0,10.3,27.0,76.5,
2013,bedford stuyvesant crown heights,black,50 - 59,16.0,52.8,5.0,31.3,17.0,56.1,
2011,bedford stuyvesant crown heights,white,All,17.0,46.5,3.0,17.6,7.0,19.2,
2012,bedford stuyvesant crown heights,multiracial,40 - 49,0.0,0.0,0.0,0.0,0.0,0.0,
2012,bedford stuyvesant crown heights,white,60+,0.0,0.0,0.0,0.0,1.0,40.0,
2012,bedford stuyvesant crown heights,multiracial,30 - 39,0.0,0.0,0.0,0.0,0.0,0.0,
2011,bedford stuyvesant crown heights,asian pacific islander,60+,0.0,0.0,0.0,0.0,0.0,0.0,
2012,bedford stuyvesant crown heights,asian pacific islander,40 - 49,0.0,0.0,0.0,0.0,1.0,131.2,
2013,bedford stuyvesant crown heights,unknown,60+,0.0,,0.0,,0.0,,
2013,bedford stuyvesant crown heights,multiracial,All,4.0,66.7,1.0,25.0,1.0,16.7,
2011,bedford stuyvesant crown heights,hispanic,60+,3.0,57.1,1.0,33.3,2.0,38.1,
2010,bedford stuyvesant crown heights,black,All,169.0,74.0,44.0,26.0,175.0,76.6,
2010,bedford stuyvesant crown heights,asian pacific islander,20 - 29,0.0,0.0,0.0,0.0,0.0,0.0,
2011,bedford stuyvesant crown heights,black,50 - 59,29.0,98.0,14.0,48.3,36.0,121.7,
2010,bedford stuyvesant crown heights,white,60+,0.0,0.0,0.0,0.0,0.0,0.0,
2013,bedford stuyvesant crown heights,white,50 - 59,0.0,0.0,0.0,0.0,0.0,0.0,
2013,bedford stuyvesant crown heights,white,0 - 19,0.0,0.0,0.0,0.0,0.0,0.0,
2012,bedford stuyvesant crown heights,asian pacific islander,All,1.0,15.3,1.0,100.0,4.0,61.2,
2012,bedford stuyvesant crown heights,unknown,40 - 49,0.0,,0.0,,0.0,,
2013,bedford stuyvesant crown heights,asian pacific islander,0 - 19,0.0,0.0,0.0,0.0,0.0,0.0,
2011,bedford stuyvesant crown heights,asian pacific islander,40 - 49,0.0,0.0,0.0,0.0,0.0,0.0,
2010,bedford stuyvesant crown heights,unknown,30 - 39,0.0,,0.0,,0.0,,
2010,bedford stuyvesant crown heights,asian pacific islander,30 - 39,0.0,0.0,0.0,0.0,0.0,0.0,
2011,bedford stuyvesant crown heights,white,40 - 49,3.0,77.3,1.0,33.3,4.0,103.1,
2010,bedford stuyvesant crown heights,white,50 - 59,1.0,40.9,0.0,0.0,2.0,81.7,
2012,bedford stuyvesant crown heights,unknown,50 - 59,0.0,,0.0,,0.0,,
2013,bedford stuyvesant crown heights,black,40 - 49,36.0,115.1,10.0,27.8,28.0,89.5,
2011,bedford stuyvesant crown heights,unknown,0 - 19,0.0,,0.0,,0.0,,
2012,bedford stuyvesant crown heights,unknown,60+,0.0,,0.0,,0.0,,
2011,bedford stuyvesant crown heights,hispanic,20 - 29,3.0,42.8,0.0,0.0,4.0,57.0,
2013,bedford stuyvesant crown heights,black,20 - 29,60.0,168.3,7.0,11.7,30.0,84.1,
2013,bedford stuyvesant crown heights,black,60+,9.0,22.6,2.0,22.2,6.0,15.1,
2012,bedford stuyvesant crown heights,black,40 - 49,38.0,118.4,17.0,44.7,42.0,130.9,
2012,bedford stuyvesant crown heights,hispanic,0 - 19,1.0,7.3,0.0,0.0,0.0,0.0,
2011,bedford stuyvesant crown heights,black,60+,7.0,18.6,3.0,42.9,13.0,34.5,
2010,bedford stuyvesant crown heights,multiracial,20 - 29,0.0,0.0,0.0,0.0,0.0,0.0,
2012,bedford stuyvesant crown heights,hispanic,All,22.0,52.0,8.0,36.4,27.0,63.8,
2011,bedford stuyvesant crown heights,black,30 - 39,33.0,106.2,10.0,30.3,34.0,109.5,
2011,bedford stuyvesant crown heights,native american,20 - 29,0.0,0.0,0.0,0.0,0.0,0.0,
2013,bedford stuyvesant crown heights,all,All,187.0,58.2,40.0,21.4,129.0,40.1,
2010,bedford stuyvesant crown heights,black,40 - 49,45.0,134.8,15.0,33.3,57.0,170.7,
2012,bedford stuyvesant crown heights,multiracial,0 - 19,0.0,0.0,0.0,0.0,0.0,0.0,
2011,bedford stuyvesant crown heights,asian pacific islander,30 - 39,2.0,125.1,0.0,0.0,1.0,62.5,
2010,bedford stuyvesant crown heights,native american,50 - 59,0.0,0.0,0.0,0.0,0.0,0.0,
2010,bedford stuyvesant crown heights,native american,60+,0.0,0.0,0.0,0.0,0.0,0.0,
2012,bedford stuyvesant crown heights,white,40 - 49,0.0,0.0,0.0,0.0,3.0,75.6,
2012,bedford stuyvesant crown heights,multiracial,20 - 29,0.0,0.0,0.0,0.0,0.0,0.0,
2012,bedford stuyvesant crown heights,native american,60+,0.0,0.0,0.0,0.0,0.0,0.0,
2012,bedford stuyvesant crown heights,black,All,147.0,64.7,35.0,23.8,111.0,48.9,
2010,bedford stuyvesant crown heights,hispanic,40 - 49,5.0,92.8,1.0,20.0,5.0,92.8,
2010,bedford stuyvesant crown heights,all,All,212.0,66.3,48.0,22.6,203.0,63.5,
2011,bedford stuyvesant crown heights,asian pacific islander,0 - 19,0.0,0.0,0.0,0.0,0.0,0.0,
2011,bedford stuyvesant crown heights,native american,All,0.0,0.0,0.0,0.0,0.0,0.0,
2012,bedford stuyvesant crown heights,native american,30 - 39,0.0,0.0,0.0,0.0,0.0,0.0,
2013,bedford stuyvesant crown heights,hispanic,40 - 49,7.0,131.0,2.0,28.6,5.0,93.6,
2011,bedford stuyvesant crown heights,native american,40 - 49,0.0,0.0,0.0,0.0,0.0,0.0,
2012,bedford stuyvesant crown heights,white,0 - 19,1.0,13.7,0.0,0.0,0.0,0.0,
2012,bedford stuyvesant crown heights,black,30 - 39,28.0,90.2,8.0,28.6,22.0,70.8,
2010,bedford stuyvesant crown heights,multiracial,0 - 19,0.0,0.0,0.0,0.0,0.0,0.0,
2013,bedford stuyvesant crown heights,native american,60+,0.0,0.0,0.0,0.0,0.0,0.0,
2012,bedford stuyvesant crown heights,native american,20 - 29,0.0,0.0,0.0,0.0,0.0,0.0,
2011,bedford stuyvesant crown heights,white,30 - 39,6.0,64.0,1.0,16.7,1.0,10.7,
2013,bedford stuyvesant crown heights,unknown,40 - 49,0.0,,0.0,,0.0,,
2011,bedford stuyvesant crown heights,asian pacific islander,All,5.0,79.6,1.0,20.0,2.0,31.8,
2013,bedford stuyvesant crown heights,unknown,50 - 59,0.0,,0.0,,0.0,,
2012,bedford stuyvesant crown heights,hispanic,50 - 59,2.0,44.2,2.0,100.0,6.0,132.7,
2010,bedford stuyvesant crown heights,black,60+,8.0,21.9,4.0,50.0,15.0,41.0,
2013,bedford stuyvesant crown heights,white,All,12.0,31.8,3.0,25.0,5.0,13.3,
2011,bedford stuyvesant crown heights,hispanic,0 - 19,1.0,7.3,0.0,0.0,1.0,7.3,
2011,bedford stuyvesant crown heights,all,All,237.0,74.5,55.0,23.2,193.0,60.6,
2011,bedford stuyvesant crown heights,native american,0 - 19,0.0,0.0,0.0,0.0,0.0,0.0,
2010,bedford stuyvesant crown heights,native american,0 - 19,0.0,0.0,0.0,0.0,0.0,0.0,
2010,bedford stuyvesant crown heights,black,20 - 29,59.0,169.6,7.0,11.9,32.0,92.0,
2012,bedford stuyvesant crown heights,black,60+,5.0,12.9,3.0,60.0,8.0,20.7,
2012,bedford stuyvesant crown heights,all,All,178.0,55.7,46.0,25.8,155.0,48.5,
2010,bedford stuyvesant crown heights,hispanic,60+,0.0,0.0,0.0,0.0,0.0,0.0,
2012,bedford stuyvesant crown heights,native american,40 - 49,0.0,0.0,0.0,0.0,0.0,0.0,
2013,bedford stuyvesant crown heights,native american,20 - 29,,,0.0,0.0,0.0,0.0,
2012,bedford stuyvesant crown heights,black,20 - 29,47.0,132.1,0.0,0.0,17.0,47.8,
2012,bedford stuyvesant crown heights,asian pacific islander,50 - 59,0.0,0.0,0.0,0.0,0.0,0.0,
2011,bedford stuyvesant crown heights,white,0 - 19,0.0,0.0,0.0,0.0,0.0,0.0,
2013,bedford stuyvesant crown heights,hispanic,50 - 59,1.0,21.7,1.0,100.0,3.0,65.2,
2012,bedford stuyvesant crown heights,white,20 - 29,1.0,8.8,0.0,0.0,2.0,17.6,
2010,bedford stuyvesant crown heights,unknown,20 - 29,0.0,,0.0,,0.0,,
2013,bedford stuyvesant crown heights,hispanic,All,20.0,47.0,4.0,20.0,13.0,30.6,
2012,bedford stuyvesant crown heights,unknown,All,0.0,,0.0,,0.0,,
2013,bedford stuyvesant crown heights,asian pacific islander,40 - 49,0.0,0.0,0.0,0.0,1.0,129.6,
2010,bedford stuyvesant crown heights,multiracial,All,1.0,19.6,0.0,0.0,0.0,0.0,
2010,bedford stuyvesant crown heights,hispanic,0 - 19,4.0,28.6,0.0,0.0,1.0,7.2,
2011,bedford stuyvesant crown heights,black,40 - 49,54.0,165.3,15.0,27.8,55.0,168.4,
2010,bedford stuyvesant crown heights,white,40 - 49,2.0,51.7,0.0,0.0,2.0,51.7,
2013,bedford stuyvesant crown heights,hispanic,20 - 29,4.0,57.3,0.0,0.0,1.0,14.3,
2011,bedford stuyvesant crown heights,multiracial,60+,0.0,0.0,0.0,0.0,0.0,0.0,
2012,bedford stuyvesant crown heights,white,30 - 39,5.0,51.1,1.0,20.0,5.0,51.1,
2011,bedford stuyvesant crown heights,multiracial,All,0.0,0.0,0.0,0.0,0.0,0.0,
2010,bedford stuyvesant crown heights,asian pacific islander,60+,0.0,0.0,0.0,0.0,0.0,0.0,
2011,bedford stuyvesant crown heights,white,50 - 59,1.0,42.7,1.0,100.0,2.0,85.4,
2012,bedford stuyvesant crown heights,native american,All,0.0,0.0,0.0,0.0,0.0,0.0,
2012,bedford stuyvesant crown heights,unknown,30 - 39,0.0,,0.0,,0.0,,
2010,bedford stuyvesant crown heights,black,0 - 19,3.0,4.8,0.0,0.0,3.0,4.8,
2011,bedford stuyvesant crown heights,asian pacific islander,50 - 59,0.0,0.0,0.0,0.0,0.0,0.0,
2010,bedford stuyvesant crown heights,asian pacific islander,40 - 49,0.0,0.0,0.0,0.0,0.0,0.0,
2011,bedford stuyvesant crown heights,native american,50 - 59,0.0,0.0,0.0,0.0,0.0,0.0,
2011,bedford stuyvesant crown heights,native american,60+,0.0,0.0,0.0,0.0,0.0,0.0,
2012,bedford stuyvesant crown heights,hispanic,40 - 49,5.0,93.7,3.0,60.0,6.0,112.4,
2012,bedford stuyvesant crown heights,multiracial,All,0.0,0.0,0.0,0.0,0.0,0.0,
2010,bedford stuyvesant crown heights,asian pacific islander,0 - 19,0.0,0.0,0.0,0.0,0.0,0.0,
2010,bedford stuyvesant crown heights,multiracial,40 - 49,0.0,0.0,0.0,0.0,0.0,0.0,
2013,bedford stuyvesant crown heights,multiracial,30 - 39,1.0,95.0,0.0,0.0,0.0,0.0,
2011,bedford stuyvesant crown heights,multiracial,50 - 59,0.0,0.0,0.0,0.0,0.0,0.0,
2010,bedford stuyvesant crown heights,white,0 - 19,0.0,0.0,0.0,0.0,0.0,0.0,
2013,bedford stuyvesant crown heights,white,60+,0.0,0.0,0.0,0.0,1.0,39.5,
2013,bedford stuyvesant crown heights,asian pacific islander,20 - 29,0.0,0.0,0.0,0.0,0.0,0.0,
2011,bedford stuyvesant crown heights,hispanic,40 - 49,4.0,74.9,1.0,25.0,6.0,112.4,
2011,bedford stuyvesant crown heights,hispanic,50 - 59,2.0,45.3,0.0,0.0,1.0,22.6,
2011,bedford stuyvesant crown heights,unknown,40 - 49,0.0,,0.0,,0.0,,
2011,bedford stuyvesant crown heights,hispanic,30 - 39,5.0,79.4,0.0,0.0,3.0,47.6,
2012,bedford stuyvesant crown heights,black,0 - 19,10.0,16.7,0.0,0.0,1.0,1.7,
2012,bedford stuyvesant crown heights,unknown,20 - 29,0.0,,0.0,,0.0,,
2012,bedford stuyvesant crown heights,multiracial,50 - 59,0.0,0.0,0.0,0.0,0.0,0.0,
2010,bedford stuyvesant crown heights,hispanic,20 - 29,9.0,127.5,0.0,0.0,4.0,56.6,
2013,bedford stuyvesant crown heights,native american,40 - 49,0.0,0.0,0.0,0.0,0.0,0.0,
2011,bedford stuyvesant crown heights,multiracial,30 - 39,0.0,0.0,0.0,0.0,0.0,0.0,
2010,bedford stuyvesant crown heights,native american,All,0.0,0.0,0.0,0.0,0.0,0.0,
2010,bedford stuyvesant crown heights,unknown,40 - 49,0.0,,0.0,,0.0,,
2010,bedford stuyvesant crown heights,multiracial,60+,0.0,0.0,0.0,0.0,0.0,0.0,
2013,bedford stuyvesant crown heights,unknown,All,0.0,,0.0,,0.0,,
2011,bedford stuyvesant crown heights,multiracial,0 - 19,0.0,0.0,0.0,0.0,0.0,0.0,
2013,bedford stuyvesant crown heights,native american,30 - 39,0.0,0.0,0.0,0.0,,,
2010,bedford stuyvesant crown heights,asian pacific islander,All,1.0,16.1,0.0,0.0,0.0,0.0,
2010,bensonhurst bay ridge,multiracial,40 - 49,0.0,0.0,0.0,0.0,0.0,0.0,
2012,bensonhurst bay ridge,asian pacific islander,40 - 49,0.0,0.0,0.0,0.0,0.0,0.0,
2010,bensonhurst bay ridge,native american,60+,0.0,0.0,0.0,0.0,0.0,0.0,
2011,bensonhurst bay ridge,native american,30 - 39,0.0,0.0,0.0,0.0,0.0,0.0,
2011,bensonhurst bay ridge,black,40 - 49,,,0.0,0.0,,,
2010,bensonhurst bay ridge,native american,20 - 29,0.0,0.0,0.0,0.0,0.0,0.0,
2010,bensonhurst bay ridge,multiracial,20 - 29,0.0,0.0,0.0,0.0,0.0,0.0,
2010,bensonhurst bay ridge,black,60+,0.0,0.0,0.0,0.0,0.0,0.0,
2013,bensonhurst bay ridge,native american,20 - 29,0.0,0.0,0.0,0.0,0.0,0.0,
2011,bensonhurst bay ridge,white,30 - 39,3.0,16.6,0.0,0.0,0.0,0.0,
2010,bensonhurst bay ridge,hispanic,20 - 29,2.0,32.5,0.0,0.0,2.0,32.5,
2010,bensonhurst bay ridge,black,20 - 29,0.0,0.0,0.0,0.0,0.0,0.0,
2011,bensonhurst bay ridge,black,30 - 39,,,0.0,0.0,,,
2012,bensonhurst bay ridge,native american,20 - 29,0.0,0.0,0.0,0.0,0.0,0.0,
2010,bensonhurst bay ridge,white,60+,0.0,0.0,0.0,0.0,0.0,0.0,
2010,bensonhurst bay ridge,asian pacific islander,30 - 39,0.0,0.0,0.0,0.0,0.0,0.0,
2013,bensonhurst bay ridge,unknown,30 - 39,0.0,,0.0,,0.0,,
2013,bensonhurst bay ridge,unknown,All,0.0,,0.0,,0.0,,
2013,bensonhurst bay ridge,black,20 - 29,,,0.0,0.0,0.0,0.0,
2013,bensonhurst bay ridge,native american,50 - 59,0.0,0.0,0.0,0.0,0.0,0.0,
2013,bensonhurst bay ridge,native american,0 - 19,0.0,0.0,0.0,0.0,0.0,0.0,
2010,bensonhurst bay ridge,unknown,20 - 29,0.0,,0.0,,0.0,,
2013,bensonhurst bay ridge,native american,60+,0.0,0.0,0.0,0.0,0.0,0.0,
2011,bensonhurst bay ridge,unknown,20 - 29,0.0,,0.0,,0.0,,
2010,bensonhurst bay ridge,black,40 - 49,0.0,0.0,0.0,0.0,0.0,0.0,
2010,bensonhurst bay ridge,unknown,40 - 49,0.0,,0.0,,0.0,,
2012,bensonhurst bay ridge,all,All,23.0,10.6,3.0,13.0,12.0,5.5,
2012,bensonhurst bay ridge,multiracial,40 - 49,0.0,0.0,0.0,0.0,0.0,0.0,
2011,bensonhurst bay ridge,native american,0 - 19,0.0,0.0,0.0,0.0,0.0,0.0,
2012,bensonhurst bay ridge,hispanic,0 - 19,0.0,0.0,0.0,0.0,0.0,0.0,
2012,bensonhurst bay ridge,asian pacific islander,All,2.0,3.7,0.0,0.0,0.0,0.0,
2011,bensonhurst bay ridge,all,All,25.0,11.7,8.0,32.0,15.0,7.0,
2012,bensonhurst bay ridge,asian pacific islander,0 - 19,0.0,0.0,0.0,0.0,0.0,0.0,
2012,bensonhurst bay ridge,hispanic,30 - 39,1.0,17.3,0.0,0.0,1.0,17.3,
2011,bensonhurst bay ridge,black,50 - 59,0.0,0.0,0.0,0.0,,,
2011,bensonhurst bay ridge,hispanic,40 - 49,2.0,52.6,1.0,50.0,1.0,26.3,
2011,bensonhurst bay ridge,white,40 - 49,4.0,22.8,2.0,50.0,4.0,22.8,
2010,bensonhurst bay ridge,asian pacific islander,20 - 29,0.0,0.0,0.0,0.0,0.0,0.0,
2011,bensonhurst bay ridge,hispanic,30 - 39,0.0,0.0,0.0,0.0,1.0,17.5,
2012,bensonhurst bay ridge,native american,0 - 19,0.0,0.0,0.0,0.0,0.0,0.0,
2013,bensonhurst bay ridge,white,All,8.0,6.2,2.0,25.0,2.0,1.5,
2011,bensonhurst bay ridge,asian pacific islander,30 - 39,1.0,12.4,0.0,0.0,1.0,12.4,
2010,bensonhurst bay ridge,multiracial,30 - 39,0.0,0.0,0.0,0.0,0.0,0.0,
2011,bensonhurst bay ridge,multiracial,All,0.0,0.0,0.0,0.0,0.0,0.0,
2013,bensonhurst bay ridge,native american,30 - 39,0.0,0.0,0.0,0.0,0.0,0.0,
2012,bensonhurst bay ridge,white,20 - 29,6.0,36.1,2.0,33.3,2.0,12.0,
2013,bensonhurst bay ridge,black,40 - 49,0.0,0.0,0.0,0.0,0.0,0.0,
2013,bensonhurst bay ridge,white,30 - 39,0.0,0.0,0.0,0.0,0.0,0.0,
2013,bensonhurst bay ridge,black,60+,0.0,0.0,0.0,0.0,0.0,0.0,
2010,bensonhurst bay ridge,white,0 - 19,0.0,0.0,0.0,0.0,0.0,0.0,
2013,bensonhurst bay ridge,unknown,60+,0.0,,0.0,,0.0,,
2011,bensonhurst bay ridge,multiracial,0 - 19,0.0,0.0,0.0,0.0,0.0,0.0,
2012,bensonhurst bay ridge,hispanic,40 - 49,2.0,52.6,1.0,50.0,3.0,78.9,
2010,bensonhurst bay ridge,multiracial,0 - 19,0.0,0.0,0.0,0.0,0.0,0.0,
2013,bensonhurst bay ridge,asian pacific islander,50 - 59,0.0,0.0,0.0,0.0,0.0,0.0,
2011,bensonhurst bay ridge,white,20 - 29,2.0,12.1,0.0,0.0,0.0,0.0,
2011,bensonhurst bay ridge,white,60+,0.0,0.0,0.0,0.0,0.0,0.0,
2010,bensonhurst bay ridge,hispanic,All,5.0,17.1,0.0,0.0,4.0,13.7,
2013,bensonhurst bay ridge,multiracial,All,0.0,0.0,0.0,0.0,0.0,0.0,
2012,bensonhurst bay ridge,black,20 - 29,,,0.0,0.0,0.0,0.0,
2011,bensonhurst bay ridge,hispanic,20 - 29,1.0,16.3,0.0,0.0,1.0,16.3,
2011,bensonhurst bay ridge,multiracial,60+,0.0,0.0,0.0,0.0,0.0,0.0,
2013,bensonhurst bay ridge,hispanic,50 - 59,1.0,39.1,0.0,0.0,0.0,0.0,
2010,bensonhurst bay ridge,white,30 - 39,0.0,0.0,0.0,0.0,0.0,0.0,
2011,bensonhurst bay ridge,native american,20 - 29,0.0,0.0,0.0,0.0,0.0,0.0,
2010,bensonhurst bay ridge,hispanic,40 - 49,0.0,0.0,0.0,0.0,1.0,26.1,
2013,bensonhurst bay ridge,multiracial,50 - 59,0.0,0.0,0.0,0.0,0.0,0.0,
2010,bensonhurst bay ridge,native american,All,0.0,0.0,0.0,0.0,0.0,0.0,
2012,bensonhurst bay ridge,native american,60+,0.0,0.0,0.0,0.0,0.0,0.0,
2013,bensonhurst bay ridge,white,40 - 49,3.0,16.5,1.0,33.3,1.0,5.5,
2012,bensonhurst bay ridge,white,50 - 59,1.0,5.6,0.0,0.0,1.0,5.6,
2012,bensonhurst bay ridge,asian pacific islander,30 - 39,2.0,23.8,0.0,0.0,0.0,0.0,
2012,bensonhurst bay ridge,white,0 - 19,0.0,0.0,0.0,0.0,0.0,0.0,
2012,bensonhurst bay ridge,black,40 - 49,0.0,0.0,0.0,0.0,,,
2011,bensonhurst bay ridge,unknown,40 - 49,0.0,,0.0,,0.0,,
2012,bensonhurst bay ridge,hispanic,20 - 29,5.0,81.7,0.0,0.0,1.0,16.3,
2011,bensonhurst bay ridge,native american,60+,0.0,0.0,0.0,0.0,0.0,0.0,
2012,bensonhurst bay ridge,white,30 - 39,0.0,0.0,0.0,0.0,0.0,0.0,
2012,bensonhurst bay ridge,unknown,20 - 29,0.0,,0.0,,0.0,,
2010,bensonhurst bay ridge,multiracial,60+,0.0,0.0,0.0,0.0,0.0,0.0,
2010,bensonhurst bay ridge,black,30 - 39,0.0,0.0,0.0,0.0,0.0,0.0,
2012,bensonhurst bay ridge,unknown,40 - 49,0.0,,0.0,,0.0,,
2010,bensonhurst bay ridge,hispanic,50 - 59,0.0,0.0,0.0,0.0,0.0,0.0,
2011,bensonhurst bay ridge,native american,50 - 59,0.0,0.0,0.0,0.0,0.0,0.0,
2013,bensonhurst bay ridge,white,0 - 19,0.0,0.0,0.0,0.0,0.0,0.0,
2013,bensonhurst bay ridge,asian pacific islander,60+,0.0,0.0,0.0,0.0,0.0,0.0,
2013,bensonhurst bay ridge,native american,40 - 49,0.0,0.0,0.0,0.0,0.0,0.0,
2011,bensonhurst bay ridge,unknown,50 - 59,0.0,,0.0,,0.0,,
2011,bensonhurst bay ridge,white,0 - 19,1.0,4.4,0.0,0.0,0.0,0.0,
2011,bensonhurst bay ridge,black,60+,0.0,0.0,0.0,0.0,0.0,0.0,
2010,bensonhurst bay ridge,native american,40 - 49,0.0,0.0,0.0,0.0,0.0,0.0,
2011,bensonhurst bay ridge,asian pacific islander,60+,0.0,0.0,0.0,0.0,0.0,0.0,
2010,bensonhurst bay ridge,asian pacific islander,50 - 59,0.0,0.0,0.0,0.0,0.0,0.0,
2012,bensonhurst bay ridge,hispanic,50 - 59,0.0,0.0,0.0,0.0,0.0,0.0,
2011,bensonhurst bay ridge,multiracial,30 - 39,0.0,0.0,0.0,0.0,0.0,0.0,
2011,bensonhurst bay ridge,hispanic,0 - 19,0.0,0.0,0.0,0.0,0.0,0.0,
2010,bensonhurst bay ridge,native american,50 - 59,0.0,0.0,0.0,0.0,0.0,0.0,
2013,bensonhurst bay ridge,white,20 - 29,2.0,12.1,0.0,0.0,0.0,0.0,
2010,bensonhurst bay ridge,unknown,All,0.0,,0.0,,0.0,,
2013,bensonhurst bay ridge,multiracial,30 - 39,0.0,0.0,0.0,0.0,0.0,0.0,
2010,bensonhurst bay ridge,asian pacific islander,0 - 19,0.0,0.0,0.0,0.0,0.0,0.0,
2012,bensonhurst bay ridge,unknown,0 - 19,0.0,,0.0,,0.0,,
2010,bensonhurst bay ridge,black,50 - 59,,,0.0,0.0,0.0,0.0,
2012,bensonhurst bay ridge,black,All,2.0,84.0,0.0,0.0,2.0,84.0,
2013,bensonhurst bay ridge,hispanic,0 - 19,0.0,0.0,0.0,0.0,0.0,0.0,
2010,bensonhurst bay ridge,black,All,2.0,83.4,0.0,0.0,0.0,0.0,
2010,bensonhurst bay ridge,native american,0 - 19,0.0,0.0,0.0,0.0,0.0,0.0,
2012,bensonhurst bay ridge,multiracial,20 - 29,0.0,0.0,0.0,0.0,0.0,0.0,
2011,bensonhurst bay ridge,white,All,11.0,8.7,3.0,27.3,5.0,3.9,
2012,bensonhurst bay ridge,multiracial,0 - 19,0.0,0.0,0.0,0.0,0.0,0.0,
2011,bensonhurst bay ridge,hispanic,All,4.0,13.8,2.0,50.0,4.0,13.8,
2011,bensonhurst bay ridge,asian pacific islander,40 - 49,1.0,12.0,0.0,0.0,0.0,0.0,
2013,bensonhurst bay ridge,asian pacific islander,30 - 39,0.0,0.0,0.0,0.0,1.0,11.5,
2013,bensonhurst bay ridge,multiracial,20 - 29,0.0,0.0,0.0,0.0,0.0,0.0,
2011,bensonhurst bay ridge,unknown,All,0.0,,0.0,,0.0,,
2012,bensonhurst bay ridge,native american,30 - 39,0.0,0.0,0.0,0.0,0.0,0.0,
2010,bensonhurst bay ridge,asian pacific islander,All,0.0,0.0,0.0,0.0,0.0,0.0,
2013,bensonhurst bay ridge,asian pacific islander,40 - 49,1.0,11.5,0.0,0.0,0.0,0.0,
2011,bensonhurst bay ridge,asian pacific islander,20 - 29,1.0,13.4,1.0,100.0,1.0,13.4,
2012,bensonhurst bay ridge,black,0 - 19,0.0,0.0,0.0,0.0,0.0,0.0,
2013,bensonhurst bay ridge,white,50 - 59,3.0,17.1,1.0,33.3,1.0,5.7,
2012,bensonhurst bay ridge,asian pacific islander,20 - 29,0.0,0.0,0.0,0.0,0.0,0.0,
2011,bensonhurst bay ridge,black,20 - 29,,,,,,,
2010,bensonhurst bay ridge,black,0 - 19,1.0,194.8,0.0,0.0,0.0,0.0,
2011,bensonhurst bay ridge,white,50 - 59,1.0,5.6,1.0,100.0,1.0,5.6,
2013,bensonhurst bay ridge,asian pacific islander,All,1.0,1.8,0.0,0.0,1.0,1.8,
2013,bensonhurst bay ridge,native american,All,0.0,0.0,0.0,0.0,0.0,0.0,
2012,bensonhurst bay ridge,multiracial,30 - 39,0.0,0.0,0.0,0.0,0.0,0.0,
2012,bensonhurst bay ridge,white,60+,1.0,2.9,0.0,0.0,0.0,0.0,
2013,bensonhurst bay ridge,multiracial,60+,0.0,0.0,0.0,0.0,0.0,0.0,
2010,bensonhurst bay ridge,native american,30 - 39,0.0,0.0,0.0,0.0,0.0,0.0,
2011,bensonhurst bay ridge,unknown,0 - 19,0.0,,0.0,,0.0,,
2013,bensonhurst bay ridge,white,60+,0.0,0.0,0.0,0.0,0.0,0.0,
2010,bensonhurst bay ridge,asian pacific islander,60+,0.0,0.0,0.0,0.0,0.0,0.0,
2013,bensonhurst bay ridge,unknown,20 - 29,0.0,,0.0,,0.0,,
2011,bensonhurst bay ridge,asian pacific islander,0 - 19,0.0,0.0,0.0,0.0,0.0,0.0,
2012,bensonhurst bay ridge,multiracial,All,0.0,0.0,0.0,0.0,0.0,0.0,
2013,bensonhurst bay ridge,black,All,2.0,83.9,0.0,0.0,0.0,0.0,
2010,bensonhurst bay ridge,unknown,30 - 39,0.0,,0.0,,0.0,,
2011,bensonhurst bay ridge,hispanic,60+,0.0,0.0,0.0,0.0,0.0,0.0,
2012,bensonhurst bay ridge,native american,40 - 49,0.0,0.0,0.0,0.0,0.0,0.0,
2013,bensonhurst bay ridge,unknown,50 - 59,0.0,,0.0,,0.0,,
2011,bensonhurst bay ridge,asian pacific islander,50 - 59,1.0,13.4,0.0,0.0,0.0,0.0,
2013,bensonhurst bay ridge,asian pacific islander,20 - 29,0.0,0.0,0.0,0.0,0.0,0.0,
2012,bensonhurst bay ridge,asian pacific islander,50 - 59,0.0,0.0,0.0,0.0,0.0,0.0,
2012,bensonhurst bay ridge,white,40 - 49,3.0,16.8,0.0,0.0,2.0,11.2,
2013,bensonhurst bay ridge,black,50 - 59,0.0,0.0,0.0,0.0,0.0,0.0,
2010,bensonhurst bay ridge,hispanic,30 - 39,3.0,52.3,0.0,0.0,0.0,0.0,
2013,bensonhurst bay ridge,unknown,0 - 19,0.0,,0.0,,0.0,,
2010,bensonhurst bay ridge,multiracial,50 - 59,0.0,0.0,0.0,0.0,0.0,0.0,
2010,bensonhurst bay ridge,unknown,0 - 19,0.0,,0.0,,0.0,,
2013,bensonhurst bay ridge,hispanic,All,4.0,13.6,1.0,25.0,2.0,6.8,
2012,bensonhurst bay ridge,hispanic,60+,0.0,0.0,0.0,0.0,0.0,0.0,
2010,bensonhurst bay ridge,white,20 - 29,0.0,0.0,0.0,0.0,0.0,0.0,
2013,bensonhurst bay ridge,black,30 - 39,0.0,0.0,0.0,0.0,0.0,0.0,
2010,bensonhurst bay ridge,asian pacific islander,40 - 49,0.0,0.0,0.0,0.0,0.0,0.0,
2013,bensonhurst bay ridge,black,0 - 19,0.0,0.0,0.0,0.0,0.0,0.0,
2012,bensonhurst bay ridge,asian pacific islander,60+,0.0,0.0,0.0,0.0,0.0,0.0,
2011,bensonhurst bay ridge,hispanic,50 - 59,1.0,40.8,1.0,100.0,1.0,40.8,
2011,bensonhurst bay ridge,asian pacific islander,All,4.0,7.7,1.0,25.0,2.0,3.9,
2011,bensonhurst bay ridge,black,All,6.0,251.8,2.0,33.3,4.0,167.9,
2010,bensonhurst bay ridge,unknown,50 - 59,0.0,,0.0,,0.0,,
2012,bensonhurst bay ridge,unknown,60+,0.0,,0.0,,0.0,,
2013,bensonhurst bay ridge,hispanic,30 - 39,2.0,34.2,1.0,50.0,2.0,34.2,
2010,bensonhurst bay ridge,white,50 - 59,1.0,5.3,1.0,100.0,4.0,21.3,
2010,bensonhurst bay ridge,white,40 - 49,2.0,11.3,0.0,0.0,2.0,11.3,
2012,bensonhurst bay ridge,native american,All,0.0,0.0,0.0,0.0,0.0,0.0,
2010,bensonhurst bay ridge,unknown,60+,0.0,,0.0,,0.0,,
2011,bensonhurst bay ridge,native american,All,0.0,0.0,0.0,0.0,0.0,0.0,
2011,bensonhurst bay ridge,native american,40 - 49,0.0,0.0,0.0,0.0,0.0,0.0,
2010,bensonhurst bay ridge,hispanic,0 - 19,0.0,0.0,0.0,0.0,0.0,0.0,
2011,bensonhurst bay ridge,multiracial,20 - 29,0.0,0.0,0.0,0.0,0.0,0.0,
2012,bensonhurst bay ridge,multiracial,60+,0.0,0.0,0.0,0.0,0.0,0.0,
2012,bensonhurst bay ridge,white,All,11.0,8.6,2.0,18.2,5.0,3.9,
2013,bensonhurst bay ridge,hispanic,60+,0.0,0.0,0.0,0.0,0.0,0.0,
2011,bensonhurst bay ridge,multiracial,40 - 49,0.0,0.0,0.0,0.0,0.0,0.0,
2013,bensonhurst bay ridge,asian pacific islander,0 - 19,0.0,0.0,0.0,0.0,0.0,0.0,
2012,bensonhurst bay ridge,black,50 - 59,0.0,0.0,0.0,0.0,0.0,0.0,
2010,bensonhurst bay ridge,all,All,10.0,4.6,1.0,10.0,10.0,4.6,
2010,bensonhurst bay ridge,white,All,3.0,2.3,1.0,33.3,6.0,4.6,
2012,bensonhurst bay ridge,black,60+,0.0,0.0,0.0,0.0,0.0,0.0,
2011,bensonhurst bay ridge,unknown,30 - 39,0.0,,0.0,,0.0,,
2012,bensonhurst bay ridge,unknown,30 - 39,0.0,,0.0,,0.0,,
2011,bensonhurst bay ridge,unknown,60+,0.0,,0.0,,0.0,,
2013,bensonhurst bay ridge,hispanic,20 - 29,0.0,0.0,0.0,0.0,0.0,0.0,
2010,bensonhurst bay ridge,multiracial,All,0.0,0.0,0.0,0.0,0.0,0.0,
2012,bensonhurst bay ridge,hispanic,All,8.0,27.4,1.0,12.5,5.0,17.1,
2011,bensonhurst bay ridge,black,0 - 19,0.0,0.0,0.0,0.0,0.0,0.0,
2013,bensonhurst bay ridge,all,All,15.0,6.8,3.0,20.0,5.0,2.3,
2012,bensonhurst bay ridge,unknown,All,0.0,,0.0,,0.0,,
2013,bensonhurst bay ridge,multiracial,0 - 19,0.0,0.0,0.0,0.0,0.0,0.0,
2011,bensonhurst bay ridge,multiracial,50 - 59,0.0,0.0,0.0,0.0,0.0,0.0,
2013,bensonhurst bay ridge,hispanic,40 - 49,1.0,26.3,0.0,0.0,0.0,0.0,
2013,bensonhurst bay ridge,multiracial,40 - 49,0.0,0.0,0.0,0.0,0.0,0.0,
2013,bensonhurst bay ridge,unknown,40 - 49,0.0,,0.0,,0.0,,
2012,bensonhurst bay ridge,native american,50 - 59,0.0,0.0,0.0,0.0,0.0,0.0,
2012,bensonhurst bay ridge,black,30 - 39,0.0,0.0,0.0,0.0,0.0,0.0,
2012,bensonhurst bay ridge,multiracial,50 - 59,0.0,0.0,0.0,0.0,0.0,0.0,
2012,bensonhurst bay ridge,unknown,50 - 59,0.0,,0.0,,0.0,,
2010,bensonhurst bay ridge,hispanic,60+,0.0,0.0,0.0,0.0,1.0,45.3,
2010,borough park,white,0 - 19,0.0,0.0,0.0,0.0,0.0,0.0,
2013,borough park,native american,50 - 59,0.0,0.0,0.0,0.0,0.0,0.0,
2012,borough park,multiracial,0 - 19,0.0,0.0,0.0,0.0,0.0,0.0,
2011,borough park,asian pacific islander,20 - 29,0.0,0.0,0.0,0.0,0.0,0.0,
2012,borough park,native american,50 - 59,0.0,0.0,0.0,0.0,0.0,0.0,
2010,borough park,unknown,20 - 29,0.0,,0.0,,0.0,,
2013,borough park,white,30 - 39,5.0,18.2,1.0,20.0,1.0,3.6,
2013,borough park,multiracial,30 - 39,0.0,0.0,0.0,0.0,0.0,0.0,
2013,borough park,unknown,40 - 49,0.0,,0.0,,0.0,,
2010,borough park,unknown,50 - 59,0.0,,0.0,,0.0,,
2011,borough park,multiracial,All,0.0,0.0,0.0,0.0,0.0,0.0,
2010,borough park,hispanic,40 - 49,2.0,35.1,0.0,0.0,2.0,35.1,
2013,borough park,black,50 - 59,0.0,0.0,0.0,0.0,0.0,0.0,
2013,borough park,white,All,10.0,4.8,2.0,20.0,3.0,1.4,
2010,borough park,hispanic,20 - 29,1.0,11.1,0.0,0.0,2.0,22.1,
2011,borough park,multiracial,50 - 59,0.0,0.0,0.0,0.0,0.0,0.0,
2013,borough park,black,0 - 19,1.0,31.2,0.0,0.0,0.0,0.0,
2010,borough park,multiracial,All,0.0,0.0,0.0,0.0,0.0,0.0,
2013,borough park,black,40 - 49,1.0,47.1,1.0,100.0,2.0,94.2,
2013,borough park,white,60+,0.0,0.0,0.0,0.0,0.0,0.0,
2011,borough park,multiracial,20 - 29,0.0,0.0,0.0,0.0,0.0,0.0,
2011,borough park,white,30 - 39,0.0,0.0,0.0,0.0,1.0,3.9,
2012,borough park,hispanic,50 - 59,0.0,0.0,0.0,0.0,3.0,74.1,
2012,borough park,unknown,All,0.0,,0.0,,0.0,,
2013,borough park,black,60+,0.0,0.0,0.0,0.0,0.0,0.0,
2011,borough park,hispanic,30 - 39,4.0,52.0,1.0,25.0,2.0,26.0,
2010,borough park,hispanic,30 - 39,1.0,12.9,0.0,0.0,2.0,25.9,
2013,borough park,unknown,30 - 39,0.0,,0.0,,0.0,,
2013,borough park,hispanic,60+,0.0,0.0,0.0,0.0,0.0,0.0,
2011,borough park,black,30 - 39,4.0,171.5,1.0,25.0,2.0,85.8,
2010,borough park,black,30 - 39,3.0,127.0,1.0,33.3,1.0,42.3,
2012,borough park,unknown,40 - 49,0.0,,0.0,,0.0,,
2013,borough park,unknown,All,0.0,,0.0,,0.0,,
2012,borough park,asian pacific islander,All,3.0,4.1,0.0,0.0,1.0,1.4,
2013,borough park,native american,30 - 39,0.0,0.0,0.0,0.0,0.0,0.0,
2012,borough park,black,20 - 29,2.0,84.0,0.0,0.0,1.0,42.0,
2011,borough park,white,60+,0.0,0.0,0.0,0.0,0.0,0.0,
2013,borough park,hispanic,50 - 59,1.0,24.3,1.0,100.0,1.0,24.3,
2013,borough park,asian pacific islander,50 - 59,0.0,0.0,0.0,0.0,0.0,0.0,
2011,borough park,black,0 - 19,0.0,0.0,0.0,0.0,0.0,0.0,
2011,borough park,unknown,20 - 29,0.0,,0.0,,0.0,,
2012,borough park,native american,60+,0.0,0.0,0.0,0.0,0.0,0.0,
2010,borough park,unknown,0 - 19,0.0,,0.0,,0.0,,
2010,borough park,white,20 - 29,1.0,3.3,0.0,0.0,0.0,0.0,
2012,borough park,black,30 - 39,2.0,85.7,1.0,50.0,1.0,42.8,
2010,borough park,hispanic,0 - 19,1.0,7.3,1.0,100.0,1.0,7.3,
2011,borough park,asian pacific islander,60+,0.0,0.0,0.0,0.0,0.0,0.0,
2012,borough park,unknown,60+,0.0,,0.0,,0.0,,
2013,borough park,asian pacific islander,60+,0.0,0.0,0.0,0.0,0.0,0.0,
2012,borough park,multiracial,60+,0.0,0.0,0.0,0.0,0.0,0.0,
2011,borough park,asian pacific islander,30 - 39,1.0,9.5,0.0,0.0,0.0,0.0,
2012,borough park,white,30 - 39,4.0,15.1,0.0,0.0,1.0,3.8,
2012,borough park,hispanic,0 - 19,0.0,0.0,0.0,0.0,0.0,0.0,
2012,borough park,white,50 - 59,0.0,0.0,0.0,0.0,0.0,0.0,
2010,borough park,white,40 - 49,3.0,15.5,0.0,0.0,1.0,5.2,
2010,borough park,native american,All,0.0,0.0,0.0,0.0,0.0,0.0,
2010,borough park,multiracial,40 - 49,0.0,0.0,0.0,0.0,0.0,0.0,
2013,borough park,native american,60+,0.0,0.0,0.0,0.0,0.0,0.0,
2010,borough park,multiracial,20 - 29,0.0,0.0,0.0,0.0,0.0,0.0,
2011,borough park,unknown,30 - 39,0.0,,0.0,,0.0,,
2012,borough park,asian pacific islander,30 - 39,1.0,9.2,0.0,0.0,1.0,9.2,
2011,borough park,asian pacific islander,40 - 49,0.0,0.0,0.0,0.0,0.0,0.0,
2013,borough park,hispanic,All,11.0,24.8,4.0,36.4,5.0,11.3,
2010,borough park,white,30 - 39,3.0,12.1,1.0,33.3,4.0,16.2,
2013,borough park,asian pacific islander,30 - 39,1.0,8.8,0.0,0.0,0.0,0.0,
2012,borough park,asian pacific islander,60+,0.0,0.0,0.0,0.0,0.0,0.0,
2011,borough park,white,All,7.0,3.4,1.0,14.3,3.0,1.5,
2013,borough park,unknown,20 - 29,0.0,,0.0,,0.0,,
2011,borough park,native american,20 - 29,0.0,0.0,0.0,0.0,0.0,0.0,
2011,borough park,white,40 - 49,2.0,10.4,1.0,50.0,1.0,5.2,
2013,borough park,white,40 - 49,1.0,5.0,0.0,0.0,1.0,5.0,
2011,borough park,unknown,60+,0.0,,0.0,,0.0,,
2010,borough park,white,60+,1.0,2.4,1.0,100.0,1.0,2.4,
2010,borough park,unknown,30 - 39,0.0,,0.0,,0.0,,
2010,borough park,asian pacific islander,50 - 59,1.0,10.2,1.0,100.0,1.0,10.2,
2013,borough park,all,All,29.0,8.3,8.0,27.6,14.0,4.0,
2011,borough park,native american,30 - 39,0.0,0.0,0.0,0.0,0.0,0.0,
2011,borough park,hispanic,50 - 59,1.0,25.3,1.0,100.0,1.0,25.3,
2013,borough park,multiracial,20 - 29,0.0,0.0,0.0,0.0,0.0,0.0,
2010,borough park,all,All,30.0,8.7,8.0,26.7,27.0,7.9,
2010,borough park,unknown,All,0.0,,0.0,,0.0,,
2010,borough park,hispanic,50 - 59,1.0,25.4,0.0,0.0,1.0,25.4,
2012,borough park,asian pacific islander,20 - 29,2.0,16.9,0.0,0.0,0.0,0.0,
2010,borough park,black,50 - 59,2.0,85.4,1.0,50.0,5.0,213.6,
2013,borough park,asian pacific islander,All,2.0,2.7,0.0,0.0,0.0,0.0,
2013,borough park,unknown,60+,0.0,,0.0,,0.0,,
2011,borough park,unknown,0 - 19,0.0,,0.0,,0.0,,
2013,borough park,hispanic,0 - 19,0.0,0.0,0.0,0.0,0.0,0.0,
2010,borough park,native american,50 - 59,0.0,0.0,0.0,0.0,0.0,0.0,
2010,borough park,asian pacific islander,60+,1.0,11.9,0.0,0.0,0.0,0.0,
2012,borough park,multiracial,40 - 49,0.0,0.0,0.0,0.0,0.0,0.0,
2011,borough park,white,0 - 19,0.0,0.0,0.0,0.0,0.0,0.0,
2011,borough park,asian pacific islander,50 - 59,0.0,0.0,0.0,0.0,0.0,0.0,
2012,borough park,unknown,20 - 29,0.0,,0.0,,0.0,,
2010,borough park,multiracial,50 - 59,0.0,0.0,0.0,0.0,0.0,0.0,
2010,borough park,black,60+,2.0,77.0,1.0,50.0,1.0,38.5,
2011,borough park,native american,60+,0.0,0.0,0.0,0.0,0.0,0.0,
2012,borough park,native american,0 - 19,0.0,0.0,0.0,0.0,0.0,0.0,
2011,borough park,multiracial,40 - 49,0.0,0.0,0.0,0.0,0.0,0.0,
2013,borough park,white,50 - 59,2.0,9.3,1.0,50.0,1.0,4.7,
2013,borough park,hispanic,40 - 49,4.0,70.5,2.0,50.0,3.0,52.9,
2013,borough park,multiracial,40 - 49,0.0,0.0,0.0,0.0,0.0,0.0,
2013,borough park,multiracial,60+,0.0,0.0,0.0,0.0,0.0,0.0,
2011,borough park,asian pacific islander,0 - 19,0.0,0.0,0.0,0.0,0.0,0.0,
2012,borough park,asian pacific islander,40 - 49,0.0,0.0,0.0,0.0,0.0,0.0,
2011,borough park,unknown,50 - 59,0.0,,0.0,,0.0,,
2013,borough park,white,20 - 29,2.0,6.7,0.0,0.0,0.0,0.0,
2013,borough park,native american,All,0.0,0.0,0.0,0.0,0.0,0.0,
2012,borough park,black,50 - 59,0.0,0.0,0.0,0.0,0.0,0.0,
2013,borough park,multiracial,50 - 59,0.0,0.0,0.0,0.0,0.0,0.0,
2011,borough park,unknown,40 - 49,0.0,,0.0,,0.0,,
2012,borough park,all,All,34.0,9.8,4.0,11.8,22.0,6.4,
2011,borough park,black,40 - 49,2.0,90.2,0.0,0.0,2.0,90.2,
2011,borough park,unknown,All,0.0,,0.0,,0.0,,
2011,borough park,hispanic,40 - 49,2.0,35.4,0.0,0.0,1.0,17.7,
2010,borough park,asian pacific islander,40 - 49,0.0,0.0,0.0,0.0,0.0,0.0,
2011,borough park,black,20 - 29,4.0,169.3,0.0,0.0,1.0,42.3,
2011,borough park,black,60+,0.0,0.0,0.0,0.0,1.0,37.4,
2010,borough park,black,40 - 49,0.0,0.0,0.0,0.0,0.0,0.0,
2012,borough park,hispanic,30 - 39,5.0,64.3,1.0,20.0,4.0,51.4,
2012,borough park,hispanic,20 - 29,4.0,44.5,0.0,0.0,2.0,22.3,
2010,borough park,asian pacific islander,30 - 39,0.0,0.0,0.0,0.0,0.0,0.0,
2010,borough park,native american,20 - 29,0.0,0.0,0.0,0.0,0.0,0.0,
2013,borough park,hispanic,30 - 39,2.0,25.4,1.0,50.0,1.0,12.7,
2012,borough park,white,0 - 19,0.0,0.0,0.0,0.0,0.0,0.0,
2012,borough park,black,60+,3.0,109.3,0.0,0.0,1.0,36.4,
2011,borough park,white,50 - 59,0.0,0.0,0.0,0.0,1.0,4.6,
2011,borough park,native american,40 - 49,0.0,0.0,0.0,0.0,0.0,0.0,
2010,borough park,black,All,11.0,72.0,3.0,27.3,9.0,58.9,
2012,borough park,native american,30 - 39,0.0,0.0,0.0,0.0,0.0,0.0,
2010,borough park,native american,30 - 39,0.0,0.0,0.0,0.0,0.0,0.0,
2011,borough park,multiracial,0 - 19,0.0,0.0,0.0,0.0,0.0,0.0,
2011,borough park,black,All,10.0,65.7,1.0,10.0,7.0,46.0,
2012,borough park,black,0 - 19,1.0,31.0,0.0,0.0,0.0,0.0,
2013,borough park,native american,40 - 49,0.0,0.0,0.0,0.0,0.0,0.0,
2010,borough park,multiracial,60+,0.0,0.0,0.0,0.0,0.0,0.0,
2012,borough park,multiracial,50 - 59,0.0,0.0,0.0,0.0,0.0,0.0,
2013,borough park,hispanic,20 - 29,4.0,44.7,0.0,0.0,0.0,0.0,
2012,borough park,multiracial,30 - 39,0.0,0.0,0.0,0.0,0.0,0.0,
2013,borough park,unknown,0 - 19,0.0,,0.0,,0.0,,
2011,borough park,white,20 - 29,5.0,16.8,0.0,0.0,0.0,0.0,
2012,borough park,hispanic,All,12.0,27.2,1.0,8.3,13.0,29.4,
2012,borough park,white,40 - 49,4.0,20.4,2.0,50.0,3.0,15.3,
2010,borough park,asian pacific islander,20 - 29,0.0,0.0,0.0,0.0,0.0,0.0,
2011,borough park,multiracial,60+,0.0,0.0,0.0,0.0,0.0,0.0,
2011,borough park,hispanic,20 - 29,2.0,22.3,0.0,0.0,0.0,0.0,
2011,borough park,hispanic,60+,0.0,0.0,0.0,0.0,0.0,0.0,
2013,borough park,multiracial,All,0.0,0.0,0.0,0.0,0.0,0.0,
2012,borough park,native american,40 - 49,0.0,0.0,0.0,0.0,0.0,0.0,
2011,borough park,hispanic,All,10.0,22.7,2.0,20.0,4.0,9.1,
2012,borough park,white,20 - 29,2.0,6.7,0.0,0.0,0.0,0.0,
2011,borough park,native american,All,0.0,0.0,0.0,0.0,0.0,0.0,
2013,borough park,unknown,50 - 59,0.0,,0.0,,0.0,,
2012,borough park,black,40 - 49,0.0,0.0,0.0,0.0,1.0,45.9,
2010,borough park,black,0 - 19,1.0,29.5,0.0,0.0,0.0,0.0,
2010,borough park,multiracial,30 - 39,0.0,0.0,0.0,0.0,0.0,0.0,
2010,borough park,white,50 - 59,3.0,13.1,1.0,33.3,2.0,8.7,
2011,borough park,asian pacific islander,All,1.0,1.4,0.0,0.0,0.0,0.0,
2012,borough park,white,60+,1.0,2.5,0.0,0.0,0.0,0.0,
2010,borough park,unknown,60+,0.0,,0.0,,0.0,,
2010,borough park,white,All,11.0,5.2,3.0,27.3,8.0,3.8,
2011,borough park,native american,0 - 19,0.0,0.0,0.0,0.0,0.0,0.0,
2012,borough park,asian pacific islander,50 - 59,0.0,0.0,0.0,0.0,0.0,0.0,
2012,borough park,asian pacific islander,0 - 19,0.0,0.0,0.0,0.0,0.0,0.0,
2012,borough park,multiracial,20 - 29,0.0,0.0,0.0,0.0,0.0,0.0,
2011,borough park,hispanic,0 - 19,1.0,7.4,0.0,0.0,0.0,0.0,
2012,borough park,unknown,0 - 19,0.0,,0.0,,0.0,,
2010,borough park,native american,60+,0.0,0.0,0.0,0.0,0.0,0.0,
2010,borough park,black,20 - 29,3.0,128.8,0.0,0.0,2.0,85.9,
2010,borough park,multiracial,0 - 19,0.0,0.0,0.0,0.0,0.0,0.0,
2013,borough park,black,20 - 29,2.0,83.7,0.0,0.0,1.0,41.8,
2013,borough park,native american,20 - 29,0.0,0.0,0.0,0.0,0.0,0.0,
2013,borough park,asian pacific islander,40 - 49,1.0,8.9,0.0,0.0,0.0,0.0,
2011,borough park,black,50 - 59,0.0,0.0,0.0,0.0,1.0,42.3,
2013,borough park,black,All,6.0,39.2,2.0,33.3,6.0,39.2,
2012,borough park,hispanic,40 - 49,3.0,53.0,0.0,0.0,4.0,70.7,
2012,borough park,black,All,8.0,52.4,1.0,12.5,4.0,26.2,
2013,borough park,native american,0 - 19,0.0,0.0,0.0,0.0,0.0,0.0,
2013,borough park,multiracial,0 - 19,0.0,0.0,0.0,0.0,0.0,0.0,
2011,borough park,native american,50 - 59,0.0,0.0,0.0,0.0,0.0,0.0,
2010,borough park,asian pacific islander,All,2.0,2.9,1.0,50.0,1.0,1.4,
2010,borough park,hispanic,60+,0.0,0.0,0.0,0.0,1.0,24.6,
2013,borough park,white,0 - 19,0.0,0.0,0.0,0.0,0.0,0.0,
2013,borough park,asian pacific islander,0 - 19,0.0,0.0,0.0,0.0,0.0,0.0,
2010,borough park,hispanic,All,6.0,13.6,1.0,16.7,9.0,20.4,
2010,borough park,native american,0 - 19,0.0,0.0,0.0,0.0,0.0,0.0,
2013,borough park,black,30 - 39,2.0,85.1,1.0,50.0,3.0,127.6,
2011,borough park,multiracial,30 - 39,0.0,0.0,0.0,0.0,0.0,0.0,
2012,borough park,multiracial,All,0.0,0.0,0.0,0.0,0.0,0.0,
2010,borough park,native american,40 - 49,0.0,0.0,0.0,0.0,0.0,0.0,
2011,borough park,all,All,28.0,8.2,4.0,14.3,14.0,4.1,
2013,borough park,asian pacific islander,20 - 29,0.0,0.0,0.0,0.0,0.0,0.0,
2012,borough park,unknown,30 - 39,0.0,,0.0,,0.0,,
2012,borough park,white,All,11.0,5.3,2.0,18.2,4.0,1.9,
2012,borough park,hispanic,60+,0.0,0.0,0.0,0.0,0.0,0.0,
2012,borough park,native american,20 - 29,0.0,0.0,0.0,0.0,0.0,0.0,
2010,borough park,asian pacific islander,0 - 19,0.0,0.0,0.0,0.0,0.0,0.0,
2012,borough park,unknown,50 - 59,0.0,,0.0,,0.0,,
2010,borough park,unknown,40 - 49,0.0,,0.0,,0.0,,
2012,borough park,native american,All,0.0,0.0,0.0,0.0,0.0,0.0,
2011,canarsie flatlands,white,20 - 29,0.0,0.0,0.0,0.0,0.0,0.0,
2011,canarsie flatlands,white,40 - 49,0.0,0.0,0.0,0.0,1.0,17.9,
2013,canarsie flatlands,white,40 - 49,0.0,0.0,0.0,0.0,0.0,0.0,
2011,canarsie flatlands,multiracial,All,0.0,0.0,0.0,0.0,0.0,0.0,
2010,canarsie flatlands,unknown,All,0.0,,0.0,,0.0,,
2011,canarsie flatlands,native american,30 - 39,0.0,0.0,0.0,0.0,0.0,0.0,
2012,canarsie flatlands,native american,30 - 39,0.0,0.0,0.0,0.0,0.0,0.0,
2011,canarsie flatlands,white,All,4.0,8.6,0.0,0.0,1.0,2.1,
2010,canarsie flatlands,unknown,0 - 19,0.0,,0.0,,0.0,,
2013,canarsie flatlands,multiracial,50 - 59,0.0,0.0,0.0,0.0,0.0,0.0,
2012,canarsie flatlands,hispanic,0 - 19,0.0,0.0,0.0,0.0,0.0,0.0,
2010,canarsie flatlands,multiracial,0 - 19,0.0,0.0,0.0,0.0,0.0,0.0,
2013,canarsie flatlands,native american,0 - 19,0.0,0.0,0.0,0.0,0.0,0.0,
2012,canarsie flatlands,multiracial,40 - 49,0.0,0.0,0.0,0.0,0.0,0.0,
2012,canarsie flatlands,multiracial,20 - 29,0.0,0.0,0.0,0.0,0.0,0.0,
2010,canarsie flatlands,unknown,30 - 39,0.0,,0.0,,0.0,,
2011,canarsie flatlands,unknown,50 - 59,0.0,,0.0,,0.0,,
2013,canarsie flatlands,unknown,0 - 19,0.0,,0.0,,0.0,,
2010,canarsie flatlands,asian pacific islander,0 - 19,0.0,0.0,0.0,0.0,0.0,0.0,
2010,canarsie flatlands,unknown,20 - 29,0.0,,0.0,,0.0,,
2011,canarsie flatlands,native american,50 - 59,0.0,0.0,0.0,0.0,0.0,0.0,
2010,canarsie flatlands,white,50 - 59,2.0,27.0,1.0,50.0,1.0,13.5,
2013,canarsie flatlands,native american,30 - 39,0.0,0.0,0.0,0.0,0.0,0.0,
2012,canarsie flatlands,unknown,20 - 29,0.0,,0.0,,0.0,,
2011,canarsie flatlands,unknown,All,0.0,,0.0,,0.0,,
2011,canarsie flatlands,hispanic,60+,0.0,0.0,0.0,0.0,0.0,0.0,
2012,canarsie flatlands,native american,20 - 29,0.0,0.0,0.0,0.0,0.0,0.0,
2010,canarsie flatlands,black,All,50.0,40.6,17.0,34.0,46.0,37.3,
2010,canarsie flatlands,hispanic,60+,0.0,0.0,0.0,0.0,0.0,0.0,
2013,canarsie flatlands,white,30 - 39,0.0,0.0,0.0,0.0,0.0,0.0,
2012,canarsie flatlands,multiracial,All,0.0,0.0,0.0,0.0,0.0,0.0,
2013,canarsie flatlands,unknown,All,0.0,,0.0,,0.0,,
2012,canarsie flatlands,hispanic,40 - 49,0.0,0.0,0.0,0.0,4.0,165.4,
2013,canarsie flatlands,black,50 - 59,4.0,21.6,2.0,50.0,6.0,32.4,
2012,canarsie flatlands,native american,0 - 19,0.0,0.0,0.0,0.0,0.0,0.0,
2013,canarsie flatlands,native american,20 - 29,0.0,0.0,0.0,0.0,0.0,0.0,
2012,canarsie flatlands,asian pacific islander,All,0.0,0.0,0.0,0.0,0.0,0.0,
2011,canarsie flatlands,native american,40 - 49,0.0,0.0,0.0,0.0,0.0,0.0,
2011,canarsie flatlands,hispanic,40 - 49,1.0,41.3,1.0,100.0,2.0,82.6,
2013,canarsie flatlands,multiracial,0 - 19,0.0,0.0,0.0,0.0,0.0,0.0,
2012,canarsie flatlands,asian pacific islander,50 - 59,0.0,0.0,0.0,0.0,0.0,0.0,
2010,canarsie flatlands,unknown,60+,0.0,,0.0,,0.0,,
2010,canarsie flatlands,unknown,50 - 59,0.0,,0.0,,0.0,,
2013,canarsie flatlands,asian pacific islander,30 - 39,0.0,0.0,0.0,0.0,0.0,0.0,
2012,canarsie flatlands,black,50 - 59,10.0,54.6,4.0,40.0,9.0,49.2,
2010,canarsie flatlands,hispanic,All,6.0,34.0,3.0,50.0,8.0,45.3,
2010,canarsie flatlands,multiracial,20 - 29,0.0,0.0,0.0,0.0,0.0,0.0,
2011,canarsie flatlands,white,0 - 19,0.0,0.0,0.0,0.0,0.0,0.0,
2013,canarsie flatlands,hispanic,60+,2.0,68.1,2.0,100.0,2.0,68.1,
2012,canarsie flatlands,native american,60+,0.0,0.0,0.0,0.0,0.0,0.0,
2013,canarsie flatlands,hispanic,30 - 39,2.0,84.3,2.0,100.0,2.0,84.3,
2011,canarsie flatlands,asian pacific islander,40 - 49,0.0,0.0,0.0,0.0,0.0,0.0,
2010,canarsie flatlands,white,0 - 19,0.0,0.0,0.0,0.0,0.0,0.0,
2010,canarsie flatlands,asian pacific islander,All,2.0,29.0,1.0,50.0,2.0,29.0,
2011,canarsie flatlands,asian pacific islander,0 - 19,0.0,0.0,0.0,0.0,0.0,0.0,
2010,canarsie flatlands,native american,50 - 59,0.0,0.0,0.0,0.0,0.0,0.0,
2013,canarsie flatlands,black,40 - 49,10.0,58.5,5.0,50.0,7.0,41.0,
2010,canarsie flatlands,hispanic,50 - 59,1.0,45.5,1.0,100.0,2.0,90.9,
2010,canarsie flatlands,asian pacific islander,50 - 59,0.0,0.0,0.0,0.0,0.0,0.0,
2012,canarsie flatlands,asian pacific islander,40 - 49,0.0,0.0,0.0,0.0,0.0,0.0,
2013,canarsie flatlands,white,60+,0.0,0.0,0.0,0.0,0.0,0.0,
2010,canarsie flatlands,all,All,63.0,31.8,25.0,39.7,60.0,30.3,
2012,canarsie flatlands,multiracial,0 - 19,0.0,0.0,0.0,0.0,0.0,0.0,
2010,canarsie flatlands,unknown,40 - 49,0.0,,0.0,,0.0,,
2011,canarsie flatlands,black,30 - 39,5.0,30.9,0.0,0.0,3.0,18.5,
2013,canarsie flatlands,asian pacific islander,20 - 29,0.0,0.0,0.0,0.0,0.0,0.0,
2012,canarsie flatlands,unknown,All,0.0,,0.0,,0.0,,
2012,canarsie flatlands,unknown,0 - 19,0.0,,0.0,,0.0,,
2011,canarsie flatlands,asian pacific islander,60+,0.0,0.0,0.0,0.0,0.0,0.0,
2013,canarsie flatlands,asian pacific islander,60+,0.0,0.0,0.0,0.0,0.0,0.0,
2010,canarsie flatlands,multiracial,50 - 59,0.0,0.0,0.0,0.0,0.0,0.0,
2011,canarsie flatlands,unknown,30 - 39,0.0,,0.0,,0.0,,
2012,canarsie flatlands,white,All,2.0,4.2,1.0,50.0,2.0,4.2,
2013,canarsie flatlands,hispanic,40 - 49,1.0,41.3,0.0,0.0,2.0,82.6,
2011,canarsie flatlands,black,0 - 19,3.0,9.1,0.0,0.0,1.0,3.0,
2011,canarsie flatlands,black,40 - 49,15.0,84.1,8.0,53.3,14.0,78.5,
2010,canarsie flatlands,black,30 - 39,13.0,79.2,3.0,23.1,12.0,73.1,
2011,canarsie flatlands,black,50 - 59,9.0,49.9,2.0,22.2,6.0,33.2,
2011,canarsie flatlands,unknown,40 - 49,0.0,,0.0,,0.0,,
2011,canarsie flatlands,native american,0 - 19,0.0,0.0,0.0,0.0,0.0,0.0,
2011,canarsie flatlands,unknown,60+,0.0,,0.0,,0.0,,
2010,canarsie flatlands,native american,All,0.0,0.0,0.0,0.0,0.0,0.0,
2012,canarsie flatlands,black,All,45.0,36.8,11.0,24.4,38.0,31.1,
