YEAR,GENDER BOROUGH,NEIGHBORHOOD,SEX,RACE BY GENDER,GENDER TOTAL NUMBER OF HIV DIAGNOSES,"GENDER HIV DIAGNOSES PER 100,000 POPULATION",GENDER TOTAL NUMBER OF CONCURRENT HIV/AIDS DIAGNOSES,GENDER PROPORTION OF CONCURRENT HIV/AIDS DIAGNOSES AMONG ALL HIV DIAGNOSES,GENDER TOTAL NUMBER OF AIDS DIAGNOSES,"GENDER AIDS DIAGNOSES PER 100,000 POPULATION"
2019,staten island,all,All,all,31.0,7.7,4.0,12.9,16.0,4.0
2017,all,all,Female,all,370.0,9.8,73.0,19.7,323.0,8.6
2017,all,all,All,white,299.0,12.6,42.0,14.0,170.0,7.2
2017,all,all,All,other unknown,26.0,21.7,7.0,26.9,13.0,10.9
2017,all,all,All,latino hispanic,755.0,37.8,117.0,15.5,409.0,20.5
2017,all,all,All,black,873.0,55.0,162.0,18.6,623.0,39.3
2017,all,all,All,asian pacific islander,120.0,11.3,27.0,22.5,65.0,6.1
2017,all,all,All,all,2073.0,29.1,355.0,17.1,1280.0,17.9
2020,all,all,All,all,1429.0,19.2,269.0,18.8,944.0,12.7
2020,all,all,All,asian pacific islander,64.0,5.7,14.0,21.9,32.0,2.8
2020,all,all,All,black,646.0,39.8,118.0,18.3,452.0,27.8
2020,all,all,All,latino hispanic,513.0,24.7,93.0,18.1,323.0,15.5
2020,all,all,All,other unknown,12.0,9.0,3.0,25.0,12.0,9.0
2020,all,all,All,white,194.0,7.8,41.0,21.1,125.0,5.1
2020,all,all,Female,all,252.0,6.5,51.0,20.2,229.0,5.9
2020,all,all,Female,asian pacific islander,6.0,1.0,1.0,16.7,4.0,0.7
2020,all,all,Female,black,151.0,16.9,32.0,21.2,136.0,15.2
2020,all,all,Female,latino hispanic,78.0,7.2,15.0,19.2,74.0,6.9
2020,all,all,Female,other unknown,3.0,4.2,0.0,0.0,0.0,0.0
2020,all,all,Female,white,14.0,1.1,3.0,21.4,15.0,1.2
2020,all,all,Male,all,1177.0,33.4,218.0,18.5,715.0,20.3
2020,all,all,Male,asian pacific islander,58.0,10.9,13.0,22.4,28.0,5.3
2020,all,all,Male,black,495.0,67.8,86.0,17.4,316.0,43.3
2020,all,all,Male,latino hispanic,435.0,43.6,78.0,17.9,249.0,24.9
2017,all,all,Female,asian pacific islander,10.0,1.8,1.0,10.0,7.0,1.2
2020,all,all,Male,other unknown,9.0,14.6,3.0,33.3,12.0,19.5
2017,all,all,Female,black,235.0,26.6,51.0,21.7,210.0,23.8
2017,all,all,Female,other unknown,4.0,6.2,2.0,50.0,3.0,4.6
2017,bronx,all,Male,latino hispanic,182.0,61.1,27.0,14.8,97.0,32.6
2017,bronx,all,Male,black,133.0,84.7,24.0,18.0,109.0,69.4
2017,bronx,all,Male,asian pacific islander,2.0,8.7,0.0,0.0,3.0,13.0
2017,bronx,all,Male,all,334.0,61.7,54.0,16.2,219.0,40.4
2017,bronx,all,Female,white,2.0,3.3,0.0,0.0,0.0,0.0
2017,bronx,all,Female,other unknown,0.0,0.0,0.0,,1.0,13.7
2017,bronx,all,Female,latino hispanic,36.0,10.3,4.0,11.1,27.0,7.7
2017,bronx,all,Female,black,75.0,39.1,17.0,22.7,56.0,29.2
2017,bronx,all,Female,asian pacific islander,0.0,0.0,0.0,,0.0,0.0
2017,bronx,all,Female,all,113.0,17.8,21.0,18.6,84.0,13.2
2017,bronx,all,All,white,18.0,15.1,3.0,16.7,8.0,6.7
2017,bronx,all,All,other unknown,1.0,7.5,0.0,0.0,3.0,22.5
2017,bronx,all,All,latino hispanic,218.0,33.7,31.0,14.2,124.0,19.2
2017,bronx,all,All,black,208.0,59.6,41.0,19.7,165.0,47.3
2017,bronx,all,All,asian pacific islander,2.0,4.1,0.0,0.0,3.0,6.2
2017,bronx,all,All,all,447.0,38.0,75.0,16.8,303.0,25.7
2017,all,all,Male,white,272.0,23.7,36.0,13.2,148.0,12.9
2017,all,all,Male,other unknown,22.0,40.1,5.0,22.7,10.0,18.2
2017,all,all,Male,latino hispanic,661.0,69.3,104.0,15.7,328.0,34.4
2017,all,all,Male,black,638.0,90.7,111.0,17.4,413.0,58.7
2017,all,all,Male,asian pacific islander,110.0,22.1,26.0,23.6,58.0,11.7
2017,all,all,Male,all,1703.0,50.7,282.0,16.6,957.0,28.5
2017,all,all,Female,white,27.0,2.2,6.0,22.2,22.0,1.8
2017,all,all,Female,latino hispanic,94.0,9.0,13.0,13.8,81.0,7.8
2020,all,all,Male,white,180.0,14.9,38.0,21.1,110.0,9.1
2020,bronx,all,All,all,305.0,25.3,47.0,15.4,249.0,20.7
2020,bronx,all,All,asian pacific islander,4.0,7.9,1.0,25.0,3.0,5.9
2016,staten island,all,All,white,20.0,7.8,3.0,15.0,5.0,2.0
2016,staten island,all,All,other unknown,2.0,38.9,0.0,0.0,0.0,0.0
2016,staten island,all,All,latino hispanic,21.0,31.1,5.0,23.8,10.0,14.8
2016,staten island,all,All,black,34.0,91.3,8.0,23.5,21.0,56.4
2016,staten island,all,All,asian pacific islander,1.0,2.9,0.0,0.0,0.0,0.0
2016,staten island,all,All,all,78.0,19.5,16.0,20.5,36.0,9.0
2016,queens,all,Male,white,42.0,16.3,7.0,16.7,18.0,7.0
2016,queens,all,Male,other unknown,1.0,5.2,1.0,100.0,2.0,10.5
2016,queens,all,Male,latino hispanic,166.0,62.6,24.0,14.5,74.0,27.9
2016,queens,all,Male,black,72.0,44.2,10.0,13.9,49.0,30.1
2016,queens,all,Male,asian pacific islander,57.0,23.1,15.0,26.3,20.0,8.1
2016,queens,all,Male,all,338.0,35.5,57.0,16.9,163.0,17.1
2016,queens,all,Female,white,1.0,0.4,0.0,0.0,3.0,1.1
2016,queens,all,Female,other unknown,1.0,4.8,1.0,100.0,1.0,4.8
2016,queens,all,Female,latino hispanic,24.0,9.1,7.0,29.2,13.0,4.9
2016,queens,all,Female,black,25.0,12.6,6.0,24.0,21.0,10.6
2016,queens,all,Female,asian pacific islander,10.0,3.7,5.0,50.0,6.0,2.2
2016,queens,all,Female,all,61.0,6.0,19.0,31.1,44.0,4.3
2016,queens,all,All,white,43.0,8.1,7.0,16.3,21.0,4.0
2016,queens,all,All,other unknown,2.0,5.0,2.0,100.0,3.0,7.5
2016,queens,all,All,latino hispanic,190.0,36.0,31.0,16.3,87.0,16.5
2016,queens,all,All,black,97.0,26.8,16.0,16.5,70.0,19.4
2016,queens,all,All,asian pacific islander,67.0,12.9,20.0,29.9,26.0,5.0
2016,staten island,all,Female,all,21.0,10.1,6.0,28.6,10.0,4.8
2016,staten island,all,Female,asian pacific islander,0.0,0.0,0.0,,0.0,0.0
2016,staten island,all,Female,black,13.0,64.3,3.0,23.1,6.0,29.7
2016,staten island,all,Female,latino hispanic,4.0,11.6,3.0,75.0,4.0,11.6
2020,bronx,all,All,black,140.0,39.5,25.0,17.9,129.0,36.4
2020,bronx,all,All,latino hispanic,143.0,21.3,17.0,11.9,105.0,15.7
2020,bronx,all,All,other unknown,0.0,0.0,0.0,,1.0,7.2
2020,bronx,all,All,white,18.0,15.6,4.0,22.2,11.0,9.5
2020,bronx,all,Female,all,72.0,11.2,14.0,19.4,87.0,13.5
2020,bronx,all,Female,asian pacific islander,0.0,0.0,0.0,,0.0,0.0
2020,bronx,all,Female,black,44.0,23.0,12.0,27.3,46.0,24.0
2020,bronx,all,Female,latino hispanic,28.0,7.8,2.0,7.1,39.0,10.8
2020,bronx,all,Female,other unknown,0.0,0.0,0.0,,0.0,0.0
2020,bronx,all,Female,white,0.0,0.0,0.0,,2.0,3.4
2020,bronx,all,Male,all,233.0,41.6,33.0,14.2,162.0,29.0
2017,bronx,all,Male,other unknown,1.0,16.6,0.0,0.0,2.0,33.2
2020,bronx,all,Male,asian pacific islander,4.0,16.4,1.0,25.0,3.0,12.3
2020,bronx,all,Male,latino hispanic,115.0,37.1,15.0,13.0,66.0,21.3
2020,bronx,all,Male,other unknown,0.0,0.0,0.0,,1.0,15.6
2020,bronx,all,Male,white,18.0,32.0,4.0,22.2,9.0,16.0
2016,staten island,all,Male,white,16.0,13.0,3.0,18.8,5.0,4.1
2016,staten island,all,Male,other unknown,2.0,82.4,0.0,0.0,0.0,0.0
2016,staten island,all,Male,latino hispanic,17.0,51.7,2.0,11.8,6.0,18.2
2016,staten island,all,Male,black,21.0,123.5,5.0,23.8,15.0,88.2
2016,staten island,all,Male,asian pacific islander,1.0,6.0,0.0,0.0,0.0,0.0
2016,staten island,all,Male,all,57.0,29.7,10.0,17.5,26.0,13.6
2016,staten island,all,Female,white,4.0,3.0,0.0,0.0,0.0,0.0
2016,staten island,all,Female,other unknown,0.0,0.0,0.0,,0.0,0.0
2020,bronx,all,Male,black,96.0,59.0,13.0,13.5,83.0,51.0
2017,bronx,all,Male,white,16.0,27.7,3.0,18.8,8.0,13.9
2017,brooklyn,all,All,all,605.0,28.2,122.0,20.2,350.0,16.3
2017,brooklyn,all,All,asian pacific islander,23.0,8.5,4.0,17.4,11.0,4.1
2020,queens,all,Female,other unknown,0.0,0.0,0.0,,0.0,0.0
2020,queens,all,Female,white,5.0,2.0,1.0,20.0,2.0,0.8
2020,queens,all,Male,all,235.0,25.5,53.0,22.6,109.0,11.8
2020,queens,all,Male,asian pacific islander,33.0,13.4,9.0,27.3,12.0,4.9
2020,queens,all,Male,black,66.0,41.7,12.0,18.2,35.0,22.1
2020,queens,all,Male,latino hispanic,103.0,39.9,24.0,23.3,49.0,19.0
2020,queens,all,Male,other unknown,2.0,10.4,0.0,0.0,1.0,5.2
2020,queens,all,Male,white,31.0,13.0,8.0,25.8,12.0,5.0
2017,queens,all,Male,white,28.0,11.0,5.0,17.9,19.0,7.5
2017,queens,all,Male,other unknown,2.0,10.4,1.0,50.0,2.0,10.4
2017,queens,all,Male,latino hispanic,155.0,58.7,26.0,16.8,57.0,21.6
2017,queens,all,Male,black,81.0,49.9,8.0,9.9,35.0,21.6
2017,queens,all,Male,asian pacific islander,56.0,22.6,20.0,35.7,28.0,11.3
2017,queens,all,Male,all,322.0,34.0,60.0,18.6,141.0,14.9
2017,queens,all,Female,white,2.0,0.8,0.0,0.0,2.0,0.8
2017,queens,all,Female,other unknown,2.0,9.5,1.0,50.0,1.0,4.8
2017,queens,all,Female,latino hispanic,19.0,7.2,2.0,10.5,6.0,2.3
2017,queens,all,Female,black,32.0,16.2,5.0,15.6,18.0,9.1
2017,queens,all,Female,asian pacific islander,7.0,2.6,1.0,14.3,5.0,1.8
2017,queens,all,Female,all,62.0,6.1,9.0,14.5,32.0,3.1
2017,queens,all,All,white,30.0,5.8,5.0,16.7,21.0,4.0
2017,queens,all,All,other unknown,4.0,10.0,2.0,50.0,3.0,7.5
2017,queens,all,All,latino hispanic,174.0,33.1,28.0,16.1,63.0,12.0
2020,queens,all,Female,latino hispanic,11.0,4.3,0.0,0.0,3.0,1.2
2020,queens,all,Female,black,21.0,11.0,2.0,9.5,11.0,5.8
2020,queens,all,Female,asian pacific islander,4.0,1.5,0.0,0.0,1.0,0.4
2020,queens,all,Female,all,41.0,4.1,3.0,7.3,17.0,1.7
2017,staten island,all,Male,asian pacific islander,0.0,0.0,0.0,,0.0,0.0
2017,staten island,all,Male,all,28.0,14.5,8.0,28.6,22.0,11.4
2021,queens,all,All,latino hispanic,144.0,26.4,32.0,22.2,80.0,14.7
2017,staten island,all,Female,white,1.0,0.8,0.0,0.0,2.0,1.5
2017,staten island,all,Female,other unknown,0.0,0.0,0.0,,0.0,0.0
2017,staten island,all,Female,latino hispanic,0.0,0.0,0.0,,2.0,5.7
2021,queens,all,All,black,87.0,23.9,17.0,19.5,57.0,15.7
2021,queens,all,All,asian pacific islander,36.0,6.6,10.0,27.8,25.0,4.6
2021,queens,all,All,all,294.0,14.7,63.0,21.4,180.0,9.0
2017,staten island,all,Female,black,9.0,44.6,1.0,11.1,3.0,14.9
2017,staten island,all,Female,asian pacific islander,0.0,0.0,0.0,,0.0,0.0
2017,queens,all,All,black,113.0,31.4,13.0,11.5,53.0,14.7
2017,staten island,all,Female,all,10.0,4.8,1.0,10.0,7.0,3.3
2017,staten island,all,All,other unknown,2.0,37.9,1.0,50.0,1.0,19.0
2017,staten island,all,All,latino hispanic,8.0,11.7,2.0,25.0,7.0,10.2
2017,staten island,all,All,black,19.0,51.1,5.0,26.3,15.0,40.4
2017,staten island,all,All,asian pacific islander,0.0,0.0,0.0,,0.0,0.0
2017,staten island,all,All,all,38.0,9.4,9.0,23.7,29.0,7.2
2020,queens,all,All,all,276.0,14.4,56.0,20.3,126.0,6.6
2020,queens,all,All,asian pacific islander,37.0,7.1,9.0,24.3,13.0,2.5
2020,queens,all,All,black,87.0,25.0,14.0,16.1,46.0,13.2
2020,queens,all,All,latino hispanic,114.0,22.1,24.0,21.1,52.0,10.1
2020,queens,all,All,other unknown,2.0,5.0,0.0,0.0,1.0,2.5
2020,queens,all,All,white,36.0,7.4,9.0,25.0,14.0,2.9
2017,staten island,all,All,white,9.0,3.5,1.0,11.1,6.0,2.4
2016,queens,all,All,all,399.0,20.2,76.0,19.0,207.0,10.5
2017,queens,all,All,asian pacific islander,63.0,12.1,21.0,33.3,33.0,6.3
2012,,all,All,all,2990.0,35.8,549.0,18.4,2036.0,24.4
2020,staten island,all,Female,white,0.0,0.0,0.0,,0.0,0.0
2020,staten island,all,Male,all,21.0,10.9,4.0,19.0,15.0,7.8
2020,staten island,all,Male,asian pacific islander,2.0,8.9,0.0,0.0,0.0,0.0
2020,staten island,all,Male,black,10.0,59.1,1.0,10.0,4.0,23.6
2020,staten island,all,Male,latino hispanic,4.0,11.7,0.0,0.0,5.0,14.6
2020,staten island,all,Male,other unknown,1.0,37.1,0.0,0.0,0.0,0.0
2020,staten island,all,Male,white,4.0,3.4,3.0,75.0,6.0,5.1
2017,brooklyn,all,Male,white,79.0,20.8,8.0,10.1,38.0,10.0
2017,brooklyn,all,Male,other unknown,8.0,50.0,2.0,25.0,2.0,12.5
2017,brooklyn,all,Male,latino hispanic,130.0,67.8,25.0,19.2,68.0,35.5
2017,brooklyn,all,Male,black,241.0,84.5,55.0,22.8,130.0,45.6
2017,brooklyn,all,Male,asian pacific islander,20.0,15.6,4.0,20.0,10.0,7.8
2017,brooklyn,all,Male,all,478.0,47.8,94.0,19.7,248.0,24.8
2017,brooklyn,all,Female,white,15.0,3.7,5.0,33.3,7.0,1.7
2017,brooklyn,all,Female,other unknown,2.0,10.1,1.0,50.0,1.0,5.1
2017,brooklyn,all,Female,latino hispanic,21.0,10.2,3.0,14.3,22.0,10.7
2017,brooklyn,all,Female,black,86.0,22.7,19.0,22.1,71.0,18.8
2017,brooklyn,all,Female,asian pacific islander,3.0,2.1,0.0,0.0,1.0,0.7
2017,brooklyn,all,Female,all,127.0,11.1,28.0,22.0,102.0,8.9
2017,brooklyn,all,All,white,94.0,12.0,13.0,13.8,45.0,5.8
2017,brooklyn,all,All,other unknown,10.0,28.0,3.0,30.0,3.0,8.4
2017,brooklyn,all,All,latino hispanic,151.0,38.0,28.0,18.5,90.0,22.6
2017,brooklyn,all,All,black,327.0,49.3,74.0,22.6,201.0,30.3
2020,staten island,all,Female,other unknown,0.0,0.0,0.0,,0.0,0.0
2020,staten island,all,Female,latino hispanic,2.0,5.5,0.0,0.0,0.0,0.0
2020,staten island,all,Female,black,1.0,5.0,0.0,0.0,0.0,0.0
2020,staten island,all,Female,asian pacific islander,1.0,4.1,0.0,0.0,0.0,0.0
2017,manhattan,all,Male,white,103.0,30.6,14.0,13.6,52.0,15.4
2017,manhattan,all,Male,other unknown,8.0,71.8,1.0,12.5,1.0,9.0
2017,manhattan,all,Male,latino hispanic,120.0,71.7,20.0,16.7,57.0,34.0
2017,manhattan,all,Male,black,101.0,123.6,15.0,14.9,57.0,69.7
2017,manhattan,all,Male,asian pacific islander,21.0,26.3,1.0,4.8,5.0,6.3
2017,manhattan,all,Male,all,353.0,52.2,51.0,14.4,172.0,25.4
2017,manhattan,all,Female,white,5.0,1.4,1.0,20.0,3.0,0.8
2017,manhattan,all,Female,other unknown,0.0,0.0,0.0,,0.0,0.0
2017,manhattan,all,Female,latino hispanic,13.0,6.9,3.0,23.1,9.0,4.8
2017,manhattan,all,Female,black,16.0,16.7,5.0,31.3,25.0,26.2
2017,manhattan,all,Female,asian pacific islander,0.0,0.0,0.0,,0.0,0.0
2017,queens,all,All,all,384.0,19.5,69.0,18.0,173.0,8.8
2017,manhattan,all,Female,all,34.0,4.4,9.0,26.5,37.0,4.8
2017,manhattan,all,All,other unknown,8.0,31.7,1.0,12.5,1.0,4.0
2017,manhattan,all,All,latino hispanic,133.0,37.5,23.0,17.3,66.0,18.6
2017,manhattan,all,All,black,117.0,66.0,20.0,17.1,82.0,46.3
2017,manhattan,all,All,asian pacific islander,21.0,11.4,1.0,4.8,5.0,2.7
2017,manhattan,all,All,all,387.0,26.9,60.0,15.5,209.0,14.5
2020,staten island,all,All,all,25.0,6.2,4.0,16.0,15.0,3.7
2020,staten island,all,All,asian pacific islander,3.0,6.4,0.0,0.0,0.0,0.0
2020,staten island,all,All,black,11.0,29.9,1.0,9.1,4.0,10.9
2020,staten island,all,All,latino hispanic,6.0,8.5,0.0,0.0,5.0,7.1
2020,staten island,all,All,other unknown,1.0,17.7,0.0,0.0,0.0,0.0
2020,staten island,all,All,white,4.0,1.6,3.0,75.0,6.0,2.5
2017,manhattan,all,All,white,108.0,15.4,15.0,13.9,55.0,7.9
2020,brooklyn,all,All,all,413.0,18.2,94.0,22.8,246.0,10.9
2020,brooklyn,all,All,asian pacific islander,8.0,2.8,1.0,12.5,6.0,2.1
2020,brooklyn,all,All,black,260.0,38.3,57.0,21.9,150.0,22.1
2020,queens,all,Male,asian pacific islander,33.0,12.5,8.0,24.2,12.0,4.5
2020,queens,all,Male,black,61.0,35.9,12.0,19.7,37.0,21.8
2020,queens,all,Male,latino hispanic,112.0,40.0,28.0,25.0,55.0,19.6
2020,queens,all,Male,other unknown,2.0,9.5,0.0,0.0,2.0,9.5
2020,queens,all,Male,white,33.0,12.6,8.0,24.2,12.0,4.6
2020,staten island,all,All,all,27.0,6.4,5.0,18.5,18.0,4.3
2020,staten island,all,All,asian pacific islander,3.0,6.3,0.0,0.0,0.0,0.0
2020,staten island,all,All,black,11.0,29.0,1.0,9.1,6.0,15.8
2020,staten island,all,All,latino hispanic,7.0,9.6,0.0,0.0,5.0,6.9
2020,staten island,all,All,other unknown,2.0,34.0,1.0,50.0,1.0,17.0
2020,staten island,all,All,white,4.0,1.6,3.0,75.0,6.0,2.3
2020,staten island,all,Female,all,5.0,2.3,0.0,0.0,1.0,0.5
2020,staten island,all,Female,asian pacific islander,1.0,4.1,0.0,0.0,0.0,0.0
2020,staten island,all,Female,black,1.0,4.9,0.0,0.0,1.0,4.9
2020,staten island,all,Female,latino hispanic,3.0,8.1,0.0,0.0,0.0,0.0
2020,staten island,all,Female,other unknown,0.0,0.0,0.0,,0.0,0.0
2020,staten island,all,Female,white,0.0,0.0,0.0,,0.0,0.0
2020,staten island,all,Male,all,22.0,10.8,5.0,22.7,17.0,8.4
2020,staten island,all,Male,asian pacific islander,2.0,8.7,0.0,0.0,0.0,0.0
2020,staten island,all,Male,black,10.0,57.0,1.0,10.0,5.0,28.5
2020,staten island,all,Male,latino hispanic,4.0,11.2,0.0,0.0,5.0,14.0
2020,staten island,all,Male,other unknown,2.0,70.7,1.0,50.0,1.0,35.4
2020,staten island,all,Male,white,4.0,3.2,3.0,75.0,6.0,4.8
2020,queens,all,Male,all,241.0,24.2,56.0,23.2,118.0,11.8
2020,queens,all,Female,white,5.0,1.9,1.0,20.0,3.0,1.1
2020,queens,all,Female,other unknown,0.0,0.0,0.0,,0.0,0.0
2020,queens,all,Female,latino hispanic,12.0,4.3,1.0,8.3,3.0,1.1
2020,manhattan,all,All,other unknown,3.0,10.6,1.0,33.3,4.0,14.2
2020,manhattan,all,All,white,60.0,8.2,10.0,16.7,47.0,6.4
2020,manhattan,all,Female,all,31.0,3.9,6.0,19.4,35.0,4.4
2020,manhattan,all,Female,asian pacific islander,1.0,0.9,1.0,100.0,1.0,0.9
2020,manhattan,all,Female,black,13.0,13.5,0.0,0.0,19.0,19.7
2020,manhattan,all,Female,latino hispanic,15.0,7.9,5.0,33.3,13.0,6.8
2020,manhattan,all,Female,other unknown,1.0,6.4,0.0,0.0,0.0,0.0
2020,manhattan,all,Female,white,1.0,0.3,0.0,0.0,2.0,0.5
2020,manhattan,all,Male,all,250.0,35.4,42.0,16.8,165.0,23.4
2020,manhattan,all,Male,asian pacific islander,7.0,8.4,2.0,28.6,7.0,8.4
2020,manhattan,all,Male,black,99.0,117.1,15.0,15.2,60.0,71.0
2021,all,all,All,all,1592.0,22.1,306.0,19.2,1053.0,14.6
2020,manhattan,all,Male,latino hispanic,83.0,48.2,14.0,16.9,49.0,28.5
2020,manhattan,all,Male,white,59.0,16.7,10.0,16.9,45.0,12.7
2010,,all,All,all,3353.0,40.6,680.0,20.3,2611.0,31.6
2020,queens,all,All,all,282.0,13.8,60.0,21.3,136.0,6.6
2020,queens,all,All,asian pacific islander,36.0,6.5,8.0,22.2,13.0,2.4
2020,queens,all,All,black,82.0,22.1,14.0,17.1,48.0,12.9
2020,queens,all,All,latino hispanic,124.0,22.3,29.0,23.4,58.0,10.4
2020,queens,all,All,other unknown,2.0,4.6,0.0,0.0,2.0,4.6
2020,queens,all,All,white,38.0,7.2,9.0,23.7,15.0,2.8
2020,queens,all,Female,all,41.0,3.9,4.0,9.8,18.0,1.7
2020,queens,all,Female,asian pacific islander,3.0,1.0,0.0,0.0,1.0,0.3
2020,queens,all,Female,black,21.0,10.4,2.0,9.5,11.0,5.5
2020,manhattan,all,Male,other unknown,2.0,15.9,1.0,50.0,4.0,31.7
2020,manhattan,all,All,latino hispanic,98.0,27.0,19.0,19.4,62.0,17.1
2021,all,all,All,asian pacific islander,91.0,8.2,27.0,29.7,44.0,4.0
2011,,all,All,all,3225.0,39.0,625.0,19.4,2292.0,27.7
2021,bronx,all,Male,asian pacific islander,6.0,25.0,4.0,66.7,5.0,20.8
2021,bronx,all,Male,black,102.0,64.2,18.0,17.6,98.0,61.7
2021,bronx,all,Male,latino hispanic,162.0,53.6,27.0,16.7,94.0,31.1
2021,bronx,all,Male,other unknown,2.0,31.9,0.0,0.0,2.0,31.9
2021,bronx,all,Male,white,12.0,22.2,2.0,16.7,11.0,20.3
2021,brooklyn,all,All,all,416.0,18.9,86.0,20.7,246.0,11.2
2021,brooklyn,all,All,asian pacific islander,25.0,8.8,6.0,24.0,6.0,2.1
2021,brooklyn,all,All,black,247.0,37.3,49.0,19.8,161.0,24.3
2021,brooklyn,all,All,latino hispanic,92.0,22.6,22.0,23.9,57.0,14.0
2021,brooklyn,all,All,other unknown,5.0,12.3,1.0,20.0,2.0,4.9
2021,brooklyn,all,All,white,47.0,5.8,8.0,17.0,20.0,2.5
2021,brooklyn,all,Female,all,73.0,6.3,13.0,17.8,71.0,6.1
2021,brooklyn,all,Female,asian pacific islander,3.0,2.0,1.0,33.3,1.0,0.7
2021,brooklyn,all,Female,black,49.0,13.1,9.0,18.4,54.0,14.5
2021,brooklyn,all,Female,latino hispanic,15.0,7.1,2.0,13.3,13.0,6.2
2021,brooklyn,all,Female,other unknown,1.0,4.5,0.0,0.0,0.0,0.0
2021,brooklyn,all,Female,white,5.0,1.2,1.0,20.0,3.0,0.7
2021,brooklyn,all,Male,all,343.0,33.3,73.0,21.3,175.0,17.0
2021,brooklyn,all,Male,asian pacific islander,22.0,16.4,5.0,22.7,5.0,3.7
2021,brooklyn,all,Male,black,198.0,68.7,40.0,20.2,107.0,37.1
2021,brooklyn,all,Male,latino hispanic,77.0,39.3,20.0,26.0,44.0,22.4
2021,brooklyn,all,Male,other unknown,4.0,21.6,1.0,25.0,2.0,10.8
2021,brooklyn,all,Male,white,42.0,10.7,7.0,16.7,17.0,4.3
2021,bronx,all,Male,all,284.0,52.1,51.0,18.0,210.0,38.5
2021,bronx,all,Female,white,3.0,5.3,0.0,0.0,3.0,5.3
2021,bronx,all,Female,other unknown,0.0,0.0,0.0,,1.0,13.5
2021,bronx,all,Female,latino hispanic,32.0,9.1,7.0,21.9,27.0,7.6
2021,all,all,All,latino hispanic,593.0,29.2,117.0,19.7,369.0,18.2
2021,all,all,All,other unknown,19.0,14.6,5.0,26.3,15.0,11.5
2021,all,all,All,white,187.0,8.0,28.0,15.0,114.0,4.9
2021,all,all,Female,all,286.0,7.6,61.0,21.3,260.0,6.9
2021,all,all,Female,asian pacific islander,9.0,1.5,4.0,44.4,7.0,1.2
2021,all,all,Female,black,169.0,19.4,37.0,21.9,169.0,19.4
2021,all,all,Female,latino hispanic,84.0,7.9,15.0,17.9,67.0,6.3
2021,all,all,Female,other unknown,4.0,5.7,1.0,25.0,4.0,5.7
2021,all,all,Female,white,20.0,1.7,4.0,20.0,13.0,1.1
2021,all,all,Male,all,1306.0,38.3,245.0,18.8,793.0,23.3
2021,all,all,Male,asian pacific islander,82.0,15.7,23.0,28.0,37.0,7.1
2021,all,all,All,black,702.0,44.3,129.0,18.4,511.0,32.3
2021,all,all,Male,black,533.0,74.7,92.0,17.3,342.0,48.0
2021,all,all,Male,other unknown,15.0,24.8,4.0,26.7,11.0,18.2
2021,all,all,Male,white,167.0,14.6,24.0,14.4,101.0,8.9
2021,bronx,all,All,all,371.0,31.6,70.0,18.9,296.0,25.2
2021,bronx,all,All,asian pacific islander,6.0,11.9,4.0,66.7,5.0,10.0
2021,bronx,all,All,black,154.0,44.6,30.0,19.5,153.0,44.3
2021,bronx,all,All,latino hispanic,194.0,29.6,34.0,17.5,121.0,18.5
2021,bronx,all,All,other unknown,2.0,14.6,0.0,0.0,3.0,21.9
2021,bronx,all,All,white,15.0,13.5,2.0,13.3,14.0,12.6
2021,bronx,all,Female,all,87.0,13.8,19.0,21.8,86.0,13.6
2021,bronx,all,Female,asian pacific islander,0.0,0.0,0.0,,0.0,0.0
2021,bronx,all,Female,black,52.0,27.9,12.0,23.1,55.0,29.5
2021,all,all,Male,latino hispanic,509.0,52.2,102.0,20.0,302.0,31.0
2021,queens,all,All,other unknown,6.0,13.9,1.0,16.7,5.0,11.6
2020,manhattan,all,All,black,112.0,61.9,15.0,13.4,79.0,43.7
2020,manhattan,all,All,all,281.0,18.8,48.0,17.1,200.0,13.4
2021,manhattan,all,Male,other unknown,4.0,33.2,2.0,50.0,2.0,16.6
2016,manhattan,all,All,white,120.0,17.1,13.0,10.8,57.0,8.1
2021,manhattan,all,Male,latino hispanic,85.0,51.0,17.0,20.0,57.0,34.2
2021,manhattan,all,Male,black,111.0,134.6,20.0,18.0,61.0,74.0
2021,manhattan,all,Male,asian pacific islander,12.0,15.3,3.0,25.0,3.0,3.8
2021,manhattan,all,Male,all,278.0,42.2,52.0,18.7,159.0,24.1
2021,manhattan,all,Female,white,3.0,0.9,0.0,0.0,3.0,0.9
2016,manhattan,all,All,other unknown,6.0,24.2,1.0,16.7,1.0,4.0
2016,manhattan,all,All,latino hispanic,155.0,43.5,18.0,11.6,77.0,21.6
2021,manhattan,all,Female,other unknown,0.0,0.0,0.0,,1.0,6.7
2016,manhattan,all,All,black,117.0,65.5,26.0,22.2,93.0,52.0
2021,manhattan,all,Female,latino hispanic,9.0,4.9,2.0,22.2,11.0,6.0
2021,manhattan,all,Female,black,17.0,18.1,3.0,17.6,18.0,19.2
2021,manhattan,all,Female,asian pacific islander,1.0,1.0,0.0,0.0,0.0,0.0
2016,manhattan,all,All,asian pacific islander,25.0,13.7,3.0,12.0,7.0,3.8
2016,manhattan,all,All,all,423.0,29.3,61.0,14.4,235.0,16.3
2019,staten island,all,All,asian pacific islander,0.0,0.0,0.0,,1.0,2.3
2021,manhattan,all,Female,all,30.0,4.1,5.0,16.7,33.0,4.5
2021,manhattan,all,All,white,69.0,10.5,10.0,14.5,39.0,5.9
2021,manhattan,all,All,other unknown,4.0,14.9,2.0,50.0,3.0,11.1
2021,manhattan,all,All,latino hispanic,94.0,26.8,19.0,20.2,68.0,19.4
2021,manhattan,all,All,black,128.0,72.7,23.0,18.0,79.0,44.8
2021,manhattan,all,All,asian pacific islander,13.0,7.2,3.0,23.1,3.0,1.7
2021,manhattan,all,Male,white,66.0,20.7,10.0,15.2,36.0,11.3
2016,manhattan,all,Female,all,46.0,6.0,10.0,21.7,31.0,4.0
2016,manhattan,all,Female,asian pacific islander,0.0,0.0,0.0,,0.0,0.0
2016,manhattan,all,Female,black,20.0,20.7,3.0,15.0,17.0,17.6
2020,brooklyn,all,All,latino hispanic,89.0,21.4,24.0,27.0,66.0,15.9
2020,brooklyn,all,All,other unknown,3.0,7.3,0.0,0.0,0.0,0.0
2020,brooklyn,all,All,white,53.0,6.3,12.0,22.6,24.0,2.9
2020,brooklyn,all,Female,all,88.0,7.3,23.0,26.1,73.0,6.1
2020,brooklyn,all,Female,asian pacific islander,1.0,0.7,0.0,0.0,2.0,1.3
2020,brooklyn,all,Female,black,64.0,16.7,17.0,26.6,52.0,13.6
2020,brooklyn,all,Female,latino hispanic,17.0,7.9,5.0,29.4,14.0,6.5
2020,brooklyn,all,Female,other unknown,2.0,8.8,0.0,0.0,0.0,0.0
2020,brooklyn,all,Female,white,4.0,0.9,1.0,25.0,5.0,1.2
2020,brooklyn,all,Male,all,325.0,30.6,71.0,21.8,173.0,16.3
2020,brooklyn,all,Male,asian pacific islander,7.0,5.1,1.0,14.3,4.0,2.9
2021,manhattan,all,All,all,308.0,22.1,57.0,18.5,192.0,13.8
2020,brooklyn,all,Male,black,196.0,66.3,40.0,20.4,98.0,33.1
2020,brooklyn,all,Male,other unknown,1.0,5.3,0.0,0.0,0.0,0.0
2020,brooklyn,all,Male,white,49.0,11.9,11.0,22.4,19.0,4.6
2016,manhattan,all,Male,white,115.0,34.1,13.0,11.3,57.0,16.9
2016,manhattan,all,Male,other unknown,6.0,55.0,1.0,16.7,1.0,9.2
2016,manhattan,all,Male,latino hispanic,134.0,79.8,11.0,8.2,63.0,37.5
2016,manhattan,all,Male,black,97.0,118.1,23.0,23.7,76.0,92.5
2016,manhattan,all,Male,asian pacific islander,25.0,31.6,3.0,12.0,7.0,8.9
2016,manhattan,all,Male,all,377.0,55.6,51.0,13.5,204.0,30.1
2016,manhattan,all,Female,white,5.0,1.4,0.0,0.0,0.0,0.0
2016,manhattan,all,Female,other unknown,0.0,0.0,0.0,,0.0,0.0
2016,manhattan,all,Female,latino hispanic,21.0,11.1,7.0,33.3,14.0,7.4
2020,brooklyn,all,Male,latino hispanic,72.0,35.8,19.0,26.4,52.0,25.9
2020,manhattan,all,All,asian pacific islander,8.0,4.2,3.0,37.5,8.0,4.2
2016,brooklyn,all,Male,white,66.0,17.4,13.0,19.7,29.0,7.6
2016,brooklyn,all,Male,latino hispanic,85.0,43.9,14.0,16.5,58.0,30.0
2016,bronx,all,All,other unknown,3.0,22.7,1.0,33.3,2.0,15.2
2016,bronx,all,All,latino hispanic,231.0,35.7,36.0,15.6,160.0,24.8
2016,bronx,all,All,black,234.0,66.7,56.0,23.9,162.0,46.2
2016,bronx,all,All,asian pacific islander,8.0,16.9,1.0,12.5,4.0,8.4
2016,bronx,all,All,all,489.0,41.5,94.0,19.2,337.0,28.6
2016,all,all,Male,white,312.0,27.0,38.0,12.2,163.0,14.1
2016,all,all,Male,other unknown,25.0,46.3,5.0,20.0,12.0,22.2
2016,all,all,Male,latino hispanic,649.0,67.9,83.0,12.8,362.0,37.9
2016,all,all,Male,black,666.0,94.2,116.0,17.4,457.0,64.6
2016,all,all,Male,asian pacific islander,130.0,26.4,26.0,20.0,43.0,8.7
2016,all,all,Male,all,1782.0,52.9,268.0,15.0,1037.0,30.8
2016,all,all,Female,white,26.0,2.1,5.0,19.2,20.0,1.6
2016,all,all,Female,other unknown,2.0,3.1,1.0,50.0,1.0,1.6
2016,all,all,Female,latino hispanic,143.0,13.7,32.0,22.4,112.0,10.7
2016,all,all,Female,black,267.0,30.0,55.0,20.6,211.0,23.7
2016,all,all,Female,asian pacific islander,15.0,2.7,6.0,40.0,9.0,1.6
2016,all,all,Female,all,453.0,12.0,99.0,21.9,353.0,9.3
2016,all,all,All,white,338.0,14.2,43.0,12.7,183.0,7.7
2016,all,all,All,other unknown,27.0,22.9,6.0,22.2,13.0,11.0
2016,all,all,All,latino hispanic,792.0,39.6,115.0,14.5,474.0,23.7
2016,all,all,All,black,933.0,58.4,171.0,18.3,668.0,41.8
2016,all,all,All,asian pacific islander,145.0,13.8,32.0,22.1,52.0,5.0
2016,all,all,All,all,2235.0,31.2,367.0,16.4,1390.0,19.4
2016,bronx,all,All,white,13.0,10.8,0.0,0.0,9.0,7.5
2016,bronx,all,Female,all,137.0,21.5,25.0,18.2,120.0,18.9
2016,bronx,all,Female,asian pacific islander,0.0,0.0,0.0,,2.0,8.1
2016,bronx,all,Female,black,76.0,39.3,16.0,21.1,59.0,30.5
2016,brooklyn,all,Male,black,235.0,81.7,35.0,14.9,133.0,46.2
2016,brooklyn,all,Male,asian pacific islander,28.0,21.9,6.0,21.4,10.0,7.8
2016,brooklyn,all,Male,all,420.0,41.8,69.0,16.4,231.0,23.0
2016,brooklyn,all,Female,white,6.0,1.5,3.0,50.0,8.0,2.0
2016,brooklyn,all,Female,other unknown,1.0,5.2,0.0,0.0,0.0,0.0
2016,brooklyn,all,Female,latino hispanic,21.0,10.1,6.0,28.6,15.0,7.2
2016,brooklyn,all,Female,black,113.0,29.6,23.0,20.4,77.0,20.1
2016,brooklyn,all,Female,asian pacific islander,5.0,3.6,1.0,20.0,1.0,0.7
2016,brooklyn,all,Female,all,146.0,12.7,33.0,22.6,101.0,8.8
2016,brooklyn,all,All,white,72.0,9.2,16.0,22.2,37.0,4.7
2016,brooklyn,all,All,other unknown,7.0,20.1,1.0,14.3,1.0,2.9
2016,brooklyn,all,Male,other unknown,6.0,38.5,1.0,16.7,1.0,6.4
2016,brooklyn,all,All,latino hispanic,106.0,26.4,20.0,18.9,73.0,18.2
2016,brooklyn,all,All,asian pacific islander,33.0,12.3,7.0,21.2,11.0,4.1
2016,brooklyn,all,All,all,566.0,26.2,102.0,18.0,332.0,15.4
2016,bronx,all,Male,white,11.0,18.9,0.0,0.0,6.0,10.3
2016,bronx,all,Male,other unknown,3.0,50.5,1.0,33.3,2.0,33.7
2016,bronx,all,Male,latino hispanic,172.0,57.9,27.0,15.7,104.0,35.0
2016,bronx,all,Male,black,158.0,100.4,40.0,25.3,103.0,65.4
2016,bronx,all,Male,asian pacific islander,8.0,35.3,1.0,12.5,2.0,8.8
2016,bronx,all,Male,all,352.0,65.0,69.0,19.6,217.0,40.1
2016,bronx,all,Female,white,2.0,3.2,0.0,0.0,3.0,4.8
2016,bronx,all,Female,other unknown,0.0,0.0,0.0,,0.0,0.0
2016,bronx,all,Female,latino hispanic,59.0,16.9,9.0,15.3,56.0,16.0
2016,brooklyn,all,All,black,348.0,51.9,58.0,16.7,210.0,31.3
2021,queens,all,All,white,21.0,4.1,3.0,14.3,13.0,2.6
2020,staten island,all,Female,all,4.0,1.9,0.0,0.0,0.0,0.0
2017,staten island,all,Male,latino hispanic,8.0,24.0,2.0,25.0,5.0,15.0
2019,bronx,all,Female,other unknown,1.0,13.7,1.0,100.0,1.0,13.7
2019,bronx,all,Female,latino hispanic,31.0,8.9,6.0,19.4,29.0,8.3
2019,bronx,all,Female,black,61.0,32.5,12.0,19.7,59.0,31.4
2019,bronx,all,Female,asian pacific islander,0.0,0.0,0.0,,0.0,0.0
2019,bronx,all,Female,all,95.0,15.1,19.0,20.0,94.0,15.0
2019,bronx,all,All,white,9.0,8.0,1.0,11.1,14.0,12.4
2019,bronx,all,All,other unknown,2.0,15.0,1.0,50.0,2.0,15.0
2019,bronx,all,All,latino hispanic,228.0,35.3,44.0,19.3,142.0,22.0
2019,bronx,all,All,black,221.0,64.4,37.0,16.7,162.0,47.2
2019,bronx,all,All,asian pacific islander,3.0,6.1,0.0,0.0,2.0,4.1
2019,bronx,all,Female,white,2.0,3.5,0.0,0.0,5.0,8.6
2013,,all,All,all,2832.0,33.7,574.0,20.3,1784.0,21.2
2019,all,all,Male,white,170.0,15.0,20.0,11.8,79.0,7.0
2019,all,all,Male,other unknown,19.0,33.5,3.0,15.8,8.0,14.1
2019,all,all,Male,latino hispanic,593.0,62.7,105.0,17.7,312.0,33.0
2019,all,all,Male,black,581.0,83.8,81.0,13.9,346.0,49.9
2019,all,all,Male,asian pacific islander,65.0,13.0,15.0,23.1,37.0,7.4
2019,all,all,Male,all,1428.0,42.9,224.0,15.7,782.0,23.5
2019,all,all,Female,white,21.0,1.7,4.0,19.0,22.0,1.8
2019,all,all,Female,other unknown,3.0,4.5,2.0,66.7,3.0,4.5
2019,all,all,Female,latino hispanic,85.0,8.2,18.0,21.2,75.0,7.3
2019,all,all,Female,black,218.0,25.2,43.0,19.7,192.0,22.2
2019,bronx,all,All,all,463.0,39.8,83.0,17.9,322.0,27.7
2019,all,all,Female,asian pacific islander,7.0,1.2,2.0,28.6,4.0,0.7
2019,bronx,all,Male,all,368.0,68.6,64.0,17.4,228.0,42.5
2019,bronx,all,Male,black,160.0,102.8,25.0,15.6,103.0,66.2
2019,manhattan,all,All,all,328.0,22.7,51.0,15.5,193.0,13.4
2019,brooklyn,all,Male,white,58.0,15.3,5.0,8.6,12.0,3.2
2019,brooklyn,all,Male,other unknown,7.0,41.4,0.0,0.0,1.0,5.9
2019,brooklyn,all,Male,latino hispanic,90.0,47.8,13.0,14.4,41.0,21.8
2019,brooklyn,all,Male,black,192.0,68.7,25.0,13.0,107.0,38.3
2019,brooklyn,all,Male,asian pacific islander,10.0,7.8,5.0,50.0,9.0,7.0
2019,brooklyn,all,Male,all,357.0,36.0,48.0,13.4,170.0,17.2
2019,brooklyn,all,Female,white,8.0,2.0,1.0,12.5,9.0,2.2
2019,brooklyn,all,Female,other unknown,2.0,9.7,1.0,50.0,1.0,4.8
2019,brooklyn,all,Female,latino hispanic,15.0,7.4,3.0,20.0,16.0,7.9
2019,bronx,all,Male,asian pacific islander,3.0,12.8,0.0,0.0,2.0,8.5
2019,brooklyn,all,Female,black,72.0,19.5,13.0,18.1,69.0,18.7
2019,brooklyn,all,Female,all,99.0,8.7,18.0,18.2,95.0,8.4
2019,brooklyn,all,All,white,66.0,8.5,6.0,9.1,21.0,2.7
2019,brooklyn,all,All,other unknown,9.0,24.0,1.0,11.1,2.0,5.3
2019,brooklyn,all,All,latino hispanic,105.0,26.8,16.0,15.2,57.0,14.5
2019,brooklyn,all,All,black,264.0,40.7,38.0,14.4,176.0,27.2
2019,brooklyn,all,All,asian pacific islander,12.0,4.4,5.0,41.7,9.0,3.3
2019,brooklyn,all,All,all,456.0,21.4,66.0,14.5,265.0,12.5
2019,bronx,all,Male,white,7.0,12.8,1.0,14.3,9.0,16.5
2019,bronx,all,Male,other unknown,1.0,16.5,0.0,0.0,1.0,16.5
2019,bronx,all,Male,latino hispanic,197.0,66.4,38.0,19.3,113.0,38.1
2019,brooklyn,all,Female,asian pacific islander,2.0,1.4,0.0,0.0,0.0,0.0
2017,staten island,all,Male,black,10.0,59.0,4.0,40.0,12.0,70.7
2019,all,all,All,white,191.0,8.2,24.0,12.6,101.0,4.3
2019,all,all,All,other unknown,22.0,17.8,5.0,22.7,11.0,8.9
2018,staten island,all,All,all,29.0,7.2,4.0,13.8,19.0,4.7
2020,brooklyn,all,Female,all,89.0,7.9,25.0,28.1,74.0,6.6
2020,brooklyn,all,Female,asian pacific islander,1.0,0.7,0.0,0.0,2.0,1.4
2020,brooklyn,all,Female,black,65.0,17.9,19.0,29.2,53.0,14.6
2020,brooklyn,all,Female,latino hispanic,17.0,8.4,5.0,29.4,14.0,6.9
2020,brooklyn,all,Female,other unknown,2.0,9.5,0.0,0.0,0.0,0.0
2020,brooklyn,all,Female,white,4.0,1.0,1.0,25.0,5.0,1.3
2020,brooklyn,all,Male,all,321.0,32.7,70.0,21.8,173.0,17.6
2020,brooklyn,all,Male,asian pacific islander,7.0,5.5,1.0,14.3,4.0,3.1
2020,brooklyn,all,Male,black,197.0,71.5,39.0,19.8,100.0,36.3
2018,staten island,all,All,asian pacific islander,0.0,0.0,0.0,,0.0,0.0
2020,brooklyn,all,Male,latino hispanic,67.0,35.9,19.0,28.4,49.0,26.3
2020,brooklyn,all,Male,white,49.0,13.0,11.0,22.4,20.0,5.3
2018,queens,all,Male,white,23.0,9.2,5.0,21.7,15.0,6.0
2018,queens,all,Male,other unknown,2.0,10.4,0.0,0.0,1.0,5.2
2018,queens,all,Male,latino hispanic,162.0,61.7,29.0,17.9,65.0,24.8
2018,queens,all,Male,black,72.0,44.6,16.0,22.2,44.0,27.3
2018,queens,all,Male,asian pacific islander,40.0,16.1,17.0,42.5,25.0,10.1
2018,queens,all,Male,all,299.0,31.8,67.0,22.4,150.0,15.9
2018,queens,all,Female,white,4.0,1.5,0.0,0.0,2.0,0.8
2018,queens,all,Female,other unknown,0.0,0.0,0.0,,0.0,0.0
2018,queens,all,Female,latino hispanic,16.0,6.1,5.0,31.3,15.0,5.7
2020,brooklyn,all,Male,other unknown,1.0,5.8,0.0,0.0,0.0,0.0
2018,staten island,all,All,black,17.0,46.0,2.0,11.8,10.0,27.1
2018,staten island,all,All,latino hispanic,6.0,8.7,1.0,16.7,5.0,7.2
2018,staten island,all,All,other unknown,0.0,0.0,0.0,,0.0,0.0
2019,all,all,All,latino hispanic,678.0,34.2,123.0,18.1,387.0,19.5
2019,all,all,All,black,799.0,51.3,124.0,15.5,538.0,34.6
2019,all,all,All,asian pacific islander,72.0,6.7,17.0,23.6,41.0,3.8
2019,all,all,All,all,1762.0,24.9,293.0,16.6,1078.0,15.2
2020,brooklyn,all,All,all,410.0,19.4,95.0,23.2,247.0,11.7
2020,brooklyn,all,All,asian pacific islander,8.0,3.0,1.0,12.5,6.0,2.2
2020,brooklyn,all,All,black,262.0,41.1,58.0,22.1,153.0,24.0
2020,brooklyn,all,All,latino hispanic,84.0,21.6,24.0,28.6,63.0,16.2
2020,brooklyn,all,All,other unknown,3.0,7.8,0.0,0.0,0.0,0.0
2020,brooklyn,all,All,white,53.0,6.8,12.0,22.6,25.0,3.2
2018,staten island,all,Male,white,6.0,5.0,1.0,16.7,3.0,2.5
2018,staten island,all,Male,other unknown,0.0,0.0,0.0,,0.0,0.0
2018,staten island,all,Male,latino hispanic,6.0,17.8,1.0,16.7,4.0,11.9
2018,staten island,all,Male,black,11.0,65.3,2.0,18.2,5.0,29.7
2018,staten island,all,Male,asian pacific islander,0.0,0.0,0.0,,0.0,0.0
2018,staten island,all,Male,all,23.0,11.9,4.0,17.4,12.0,6.2
2018,staten island,all,Female,white,0.0,0.0,0.0,,1.0,0.8
2018,staten island,all,Female,other unknown,0.0,0.0,0.0,,0.0,0.0
2018,staten island,all,Female,latino hispanic,0.0,0.0,0.0,,1.0,2.8
2018,staten island,all,Female,black,6.0,29.9,0.0,0.0,5.0,24.9
2018,staten island,all,Female,asian pacific islander,0.0,0.0,0.0,,0.0,0.0
2018,staten island,all,Female,all,6.0,2.9,0.0,0.0,7.0,3.3
2018,staten island,all,All,white,6.0,2.4,1.0,16.7,4.0,1.6
2019,manhattan,all,All,asian pacific islander,14.0,7.5,3.0,21.4,9.0,4.8
2018,queens,all,Female,black,26.0,13.3,10.0,38.5,30.0,15.4
2019,manhattan,all,All,black,132.0,75.0,19.0,14.4,75.0,42.6
2019,manhattan,all,All,other unknown,4.0,15.1,2.0,50.0,3.0,11.3
2021,staten island,all,Male,other unknown,0.0,0.0,0.0,,1.0,33.9
2021,staten island,all,Male,latino hispanic,9.0,25.0,3.0,33.3,6.0,16.7
2019,queens,all,Male,asian pacific islander,31.0,12.5,6.0,19.4,11.0,4.4
2019,queens,all,Male,all,247.0,26.5,51.0,20.6,122.0,13.1
2019,queens,all,Female,white,2.0,0.8,1.0,50.0,1.0,0.4
2019,queens,all,Female,other unknown,0.0,0.0,0.0,,1.0,4.8
2019,queens,all,Female,latino hispanic,19.0,7.3,5.0,26.3,15.0,5.8
2021,staten island,all,Male,black,11.0,63.2,1.0,9.1,3.0,17.2
2021,staten island,all,Male,asian pacific islander,2.0,8.2,0.0,0.0,0.0,0.0
2019,queens,all,Female,black,40.0,20.7,11.0,27.5,21.0,10.9
2019,queens,all,Male,black,62.0,38.7,13.0,21.0,37.0,23.1
2019,queens,all,Female,asian pacific islander,3.0,1.1,2.0,66.7,4.0,1.5
2019,queens,all,All,white,17.0,3.4,5.0,29.4,9.0,1.8
2021,staten island,all,Male,all,28.0,13.8,5.0,17.9,14.0,6.9
2019,queens,all,All,other unknown,5.0,12.4,0.0,0.0,1.0,2.5
2019,queens,all,All,latino hispanic,153.0,29.4,33.0,21.6,81.0,15.6
2019,queens,all,All,black,102.0,28.9,24.0,23.5,58.0,16.4
2021,staten island,all,Female,white,4.0,3.1,2.0,50.0,2.0,1.6
2019,queens,all,All,asian pacific islander,34.0,6.5,8.0,23.5,15.0,2.9
2019,queens,all,All,all,311.0,16.1,70.0,22.5,164.0,8.5
2021,staten island,all,Female,other unknown,0.0,0.0,0.0,,0.0,0.0
2020,all,all,Female,all,255.0,6.9,53.0,20.8,226.0,6.1
2019,queens,all,Female,all,64.0,6.4,19.0,29.7,42.0,4.2
2021,staten island,all,Female,latino hispanic,1.0,2.7,0.0,0.0,4.0,10.7
2021,staten island,all,Male,white,6.0,4.9,1.0,16.7,4.0,3.3
2019,queens,all,Male,other unknown,5.0,25.8,0.0,0.0,0.0,0.0
2019,staten island,all,All,black,13.0,35.3,0.0,0.0,8.0,21.7
2019,staten island,all,All,latino hispanic,8.0,11.5,1.0,12.5,3.0,4.3
2019,staten island,all,All,other unknown,1.0,18.2,1.0,100.0,1.0,18.2
2019,staten island,all,All,white,9.0,3.6,2.0,22.2,3.0,1.2
2019,staten island,all,Female,all,9.0,4.3,3.0,33.3,6.0,2.9
2019,staten island,all,Female,asian pacific islander,0.0,0.0,0.0,,0.0,0.0
2019,staten island,all,Female,black,3.0,15.1,0.0,0.0,3.0,15.1
2019,staten island,all,Female,latino hispanic,2.0,5.6,1.0,50.0,2.0,5.6
2019,staten island,all,Female,other unknown,0.0,0.0,0.0,,0.0,0.0
2019,staten island,all,Female,white,4.0,3.1,2.0,50.0,1.0,0.8
2019,queens,all,Male,latino hispanic,134.0,51.4,28.0,20.9,66.0,25.3
2019,staten island,all,Male,all,22.0,11.4,1.0,4.5,10.0,5.2
2019,staten island,all,Male,black,10.0,59.0,0.0,0.0,5.0,29.5
2019,staten island,all,Male,latino hispanic,6.0,17.7,0.0,0.0,1.0,3.0
2019,staten island,all,Male,other unknown,1.0,38.0,1.0,100.0,1.0,38.0
2019,staten island,all,Male,white,5.0,4.2,0.0,0.0,2.0,1.7
2020,all,all,All,all,1394.0,19.9,268.0,19.2,916.0,13.1
2020,all,all,All,asian pacific islander,64.0,6.0,15.0,23.4,32.0,3.0
2020,all,all,All,black,659.0,42.9,126.0,19.1,448.0,29.2
2020,all,all,All,latino hispanic,474.0,24.1,85.0,17.9,306.0,15.6
2020,all,all,All,white,187.0,8.1,40.0,21.4,120.0,5.2
2019,queens,all,Male,white,15.0,6.1,4.0,26.7,8.0,3.3
2019,staten island,all,Male,asian pacific islander,0.0,0.0,0.0,,1.0,4.7
2021,staten island,all,Female,black,7.0,34.6,3.0,42.9,9.0,44.5
2021,staten island,all,Female,asian pacific islander,0.0,0.0,0.0,,0.0,0.0
2020,all,all,Female,asian pacific islander,7.0,1.2,1.0,14.3,4.0,0.7
2020,bronx,all,Female,other unknown,0.0,0.0,0.0,,0.0,0.0
2020,bronx,all,Female,white,0.0,0.0,0.0,,2.0,3.6
2020,bronx,all,Male,all,234.0,44.1,33.0,14.1,158.0,29.8
2020,bronx,all,Male,asian pacific islander,4.0,17.1,1.0,25.0,3.0,12.9
2020,bronx,all,Male,black,98.0,63.7,15.0,15.3,82.0,53.3
2020,bronx,all,Male,latino hispanic,114.0,38.7,13.0,11.4,63.0,21.4
2020,bronx,all,Male,other unknown,0.0,0.0,0.0,,1.0,16.7
2020,bronx,all,Male,white,18.0,34.1,4.0,22.2,9.0,17.1
2020,all,all,All,other unknown,10.0,8.1,2.0,20.0,10.0,8.1
2019,manhattan,all,Male,white,55.0,16.2,4.0,7.3,29.0,8.6
2020,bronx,all,Female,latino hispanic,27.0,7.8,2.0,7.4,39.0,11.2
2019,manhattan,all,Male,other unknown,4.0,34.0,2.0,50.0,3.0,25.5
2019,manhattan,all,Male,black,111.0,136.6,15.0,13.5,48.0,59.1
2019,manhattan,all,Male,asian pacific islander,14.0,17.4,3.0,21.4,9.0,11.2
2019,manhattan,all,Male,all,292.0,43.1,44.0,15.1,155.0,22.9
2019,manhattan,all,Female,white,2.0,0.5,0.0,0.0,2.0,0.5
2019,manhattan,all,Female,other unknown,0.0,0.0,0.0,,0.0,0.0
2019,manhattan,all,Female,latino hispanic,13.0,7.0,3.0,23.1,9.0,4.8
2019,manhattan,all,Female,black,21.0,22.2,4.0,19.0,27.0,28.5
2019,manhattan,all,Female,asian pacific islander,0.0,0.0,0.0,,0.0,0.0
2019,manhattan,all,Female,all,36.0,4.7,7.0,19.4,38.0,5.0
2019,manhattan,all,All,white,57.0,8.1,4.0,7.0,31.0,4.4
2019,manhattan,all,Male,latino hispanic,108.0,65.2,20.0,18.5,66.0,39.9
2020,bronx,all,Female,black,45.0,24.3,12.0,26.7,46.0,24.9
2020,bronx,all,Female,asian pacific islander,0.0,0.0,0.0,,0.0,0.0
2020,bronx,all,Female,all,72.0,11.6,14.0,19.4,87.0,14.0
2020,all,all,Female,black,157.0,18.4,36.0,22.9,135.0,15.9
2021,staten island,all,Female,all,12.0,5.6,5.0,41.7,15.0,7.0
2021,staten island,all,All,white,10.0,4.0,3.0,30.0,6.0,2.4
2021,staten island,all,All,other unknown,0.0,0.0,0.0,,1.0,16.5
2020,all,all,Female,latino hispanic,74.0,7.2,13.0,17.6,73.0,7.1
2020,all,all,Female,other unknown,3.0,4.5,0.0,0.0,0.0,0.0
2020,all,all,Female,white,14.0,1.2,3.0,21.4,14.0,1.2
2020,all,all,Male,all,1139.0,34.5,215.0,18.9,690.0,20.9
2020,all,all,Male,asian pacific islander,57.0,11.4,14.0,24.6,28.0,5.6
2020,all,all,Male,black,502.0,73.3,90.0,17.9,313.0,45.7
2020,all,all,Male,latino hispanic,400.0,42.7,72.0,18.0,233.0,24.8
2020,all,all,Male,other unknown,7.0,12.3,2.0,28.6,10.0,17.5
2021,staten island,all,All,latino hispanic,10.0,13.6,3.0,30.0,10.0,13.6
2020,all,all,Male,white,173.0,15.5,37.0,21.4,106.0,9.5
2020,bronx,all,All,all,306.0,26.6,47.0,15.4,245.0,21.3
2020,bronx,all,All,asian pacific islander,4.0,8.1,1.0,25.0,3.0,6.1
2020,bronx,all,All,black,143.0,42.2,27.0,18.9,128.0,37.8
2021,staten island,all,All,black,18.0,47.8,4.0,22.2,12.0,31.9
2021,staten island,all,All,asian pacific islander,2.0,4.0,0.0,0.0,0.0,0.0
2021,staten island,all,All,all,40.0,9.6,10.0,25.0,29.0,6.9
2020,bronx,all,All,latino hispanic,141.0,22.0,15.0,10.6,102.0,15.9
2020,bronx,all,All,other unknown,0.0,0.0,0.0,,1.0,7.6
2020,bronx,all,All,white,18.0,16.5,4.0,22.2,11.0,10.1
2019,manhattan,all,All,latino hispanic,121.0,34.4,23.0,19.0,75.0,21.4
2018,queens,all,Female,asian pacific islander,7.0,2.6,2.0,28.6,4.0,1.5
2019,all,all,Female,all,334.0,8.9,69.0,20.7,296.0,7.9
2018,queens,all,All,white,27.0,5.3,5.0,18.5,17.0,3.3
2020,manhattan,all,Female,latino hispanic,15.0,8.1,5.0,33.3,13.0,7.1
2020,manhattan,all,Female,black,16.0,17.1,2.0,12.5,19.0,20.3
2020,manhattan,all,Female,asian pacific islander,1.0,1.0,1.0,100.0,1.0,1.0
2020,manhattan,all,Female,all,34.0,4.5,8.0,23.5,35.0,4.6
2020,manhattan,all,All,white,59.0,8.6,9.0,15.3,45.0,6.5
2020,manhattan,all,All,other unknown,4.0,14.9,2.0,50.0,5.0,18.7
2020,manhattan,all,All,latino hispanic,97.0,27.8,19.0,19.6,64.0,18.4
2020,manhattan,all,All,black,114.0,65.4,19.0,16.7,79.0,45.3
2020,manhattan,all,All,asian pacific islander,8.0,4.3,3.0,37.5,8.0,4.3
2020,manhattan,all,All,all,282.0,19.8,52.0,18.4,201.0,14.1
2018,manhattan,all,All,all,367.0,25.5,62.0,16.9,205.0,14.2
2018,all,all,Male,all,1535.0,45.9,288.0,18.8,894.0,26.7
2018,manhattan,all,All,asian pacific islander,20.0,10.8,7.0,35.0,10.0,5.4
2021,queens,all,Male,white,21.0,8.4,3.0,14.3,13.0,5.2
2018,manhattan,all,All,black,133.0,75.5,27.0,20.3,90.0,51.1
2018,manhattan,all,All,latino hispanic,131.0,37.0,14.0,10.7,64.0,18.1
2018,manhattan,all,All,white,76.0,10.9,13.0,17.1,38.0,5.4
2018,manhattan,all,Female,all,52.0,6.8,9.0,17.3,38.0,5.0
2018,manhattan,all,Female,asian pacific islander,2.0,1.9,1.0,50.0,1.0,1.0
2018,manhattan,all,Female,black,27.0,28.4,6.0,22.2,24.0,25.3
2018,manhattan,all,Female,latino hispanic,17.0,9.1,0.0,0.0,11.0,5.9
2018,manhattan,all,Female,other unknown,0.0,0.0,0.0,,0.0,0.0
2018,manhattan,all,Female,white,6.0,1.7,2.0,33.3,2.0,0.6
2018,manhattan,all,Male,all,315.0,46.5,53.0,16.8,167.0,24.7
2018,manhattan,all,Male,asian pacific islander,18.0,22.5,6.0,33.3,9.0,11.2
2018,all,all,Female,white,23.0,1.9,6.0,26.1,14.0,1.2
2018,all,all,Female,other unknown,2.0,3.0,0.0,0.0,1.0,1.5
2020,manhattan,all,Female,other unknown,1.0,6.7,0.0,0.0,0.0,0.0
2021,queens,all,Male,other unknown,3.0,14.5,0.0,0.0,3.0,14.5
2020,manhattan,all,Female,white,1.0,0.3,0.0,0.0,2.0,0.6
2020,manhattan,all,Male,asian pacific islander,7.0,8.7,2.0,28.6,7.0,8.7
2018,brooklyn,all,Male,white,57.0,15.0,7.0,12.3,20.0,5.3
2018,brooklyn,all,Male,other unknown,3.0,18.2,0.0,0.0,1.0,6.1
2018,brooklyn,all,Male,latino hispanic,113.0,59.4,30.0,26.5,64.0,33.6
2018,brooklyn,all,Male,black,222.0,78.6,43.0,19.4,124.0,43.9
2018,brooklyn,all,Male,asian pacific islander,22.0,17.1,6.0,27.3,14.0,10.9
2018,brooklyn,all,Male,all,417.0,41.8,86.0,20.6,223.0,22.4
2018,brooklyn,all,Female,white,9.0,2.2,2.0,22.2,3.0,0.7
2018,brooklyn,all,Female,other unknown,1.0,5.0,0.0,0.0,1.0,5.0
2018,brooklyn,all,Female,latino hispanic,19.0,9.3,2.0,10.5,15.0,7.3
2018,brooklyn,all,Female,black,88.0,23.6,13.0,14.8,56.0,15.0
2018,brooklyn,all,Female,asian pacific islander,2.0,1.4,1.0,50.0,1.0,0.7
2018,brooklyn,all,Female,all,119.0,10.4,18.0,15.1,76.0,6.7
2018,brooklyn,all,All,white,66.0,8.5,9.0,13.6,23.0,2.9
2018,brooklyn,all,All,other unknown,4.0,10.9,0.0,0.0,2.0,5.5
2018,brooklyn,all,All,latino hispanic,132.0,33.4,32.0,24.2,79.0,20.0
2018,brooklyn,all,All,black,310.0,47.2,56.0,18.1,180.0,27.4
2018,bronx,all,All,asian pacific islander,2.0,4.1,0.0,0.0,2.0,4.1
2018,bronx,all,All,all,425.0,36.2,78.0,18.4,341.0,29.1
2018,all,all,Male,white,196.0,17.1,31.0,15.8,107.0,9.4
2018,all,all,Male,other unknown,16.0,28.7,1.0,6.3,7.0,12.5
2018,all,all,Male,latino hispanic,610.0,64.1,109.0,17.9,316.0,33.2
2018,all,all,Male,black,623.0,89.2,115.0,18.5,410.0,58.7
2018,all,all,Male,asian pacific islander,90.0,18.0,32.0,35.6,54.0,10.8
2020,manhattan,all,Male,white,58.0,17.5,9.0,15.5,43.0,13.0
2020,manhattan,all,Male,other unknown,3.0,25.2,2.0,66.7,5.0,42.0
2020,manhattan,all,Male,latino hispanic,82.0,49.9,14.0,17.1,51.0,31.1
2020,manhattan,all,Male,black,98.0,121.4,17.0,17.3,60.0,74.3
2020,manhattan,all,Male,all,248.0,37.1,44.0,17.7,166.0,24.8
2021,queens,all,Male,latino hispanic,124.0,45.2,29.0,23.4,73.0,26.6
2018,manhattan,all,All,other unknown,7.0,27.2,1.0,14.3,3.0,11.7
2018,all,all,Female,asian pacific islander,11.0,1.9,4.0,36.4,6.0,1.1
2021,queens,all,Male,all,243.0,25.0,50.0,20.6,148.0,15.2
2018,all,all,Female,black,228.0,26.1,46.0,20.2,209.0,23.9
2021,queens,all,Female,white,0.0,0.0,0.0,,0.0,0.0
2018,all,all,Female,all,367.0,9.8,66.0,18.0,323.0,8.6
2018,all,all,All,white,219.0,9.3,37.0,16.9,121.0,5.1
2021,queens,all,Female,other unknown,3.0,13.4,1.0,33.3,2.0,8.9
2018,all,all,All,other unknown,18.0,14.8,1.0,5.6,8.0,6.6
2021,queens,all,Female,latino hispanic,20.0,7.4,3.0,15.0,7.0,2.6
2018,all,all,All,latino hispanic,713.0,35.8,119.0,16.7,409.0,20.5
2021,queens,all,Female,black,25.0,12.7,7.0,28.0,18.0,9.1
2018,all,all,All,black,851.0,54.1,161.0,18.9,619.0,39.4
2018,all,all,All,asian pacific islander,101.0,9.5,36.0,35.6,60.0,5.6
2021,queens,all,Female,asian pacific islander,3.0,1.1,2.0,66.7,5.0,1.8
2018,bronx,all,All,black,201.0,58.0,40.0,19.9,188.0,54.3
2018,all,all,All,all,1902.0,26.8,354.0,18.6,1217.0,17.1
2018,queens,all,All,black,98.0,27.5,26.0,26.5,74.0,20.8
2017,staten island,all,Male,white,8.0,6.6,1.0,12.5,4.0,3.3
2018,queens,all,All,asian pacific islander,47.0,9.0,19.0,40.4,29.0,5.6
2018,queens,all,All,all,352.0,18.1,84.0,23.9,201.0,10.3
2021,queens,all,Female,all,51.0,5.0,13.0,25.5,32.0,3.1
2017,staten island,all,Male,other unknown,2.0,79.5,1.0,50.0,1.0,39.7
2018,manhattan,all,Male,white,70.0,20.8,11.0,15.7,36.0,10.7
2018,bronx,all,Female,black,62.0,32.7,13.0,21.0,75.0,39.5
2018,manhattan,all,Male,black,106.0,130.4,21.0,19.8,66.0,81.2
2018,manhattan,all,Male,latino hispanic,114.0,68.3,14.0,12.3,53.0,31.7
2018,queens,all,Female,all,53.0,5.2,17.0,32.1,51.0,5.1
2018,bronx,all,Female,latino hispanic,47.0,13.4,3.0,6.4,45.0,12.8
2018,manhattan,all,Male,other unknown,7.0,61.6,1.0,14.3,3.0,26.4
2018,bronx,all,Female,white,2.0,3.3,1.0,50.0,3.0,5.0
2018,bronx,all,Female,all,111.0,17.5,17.0,15.3,123.0,19.4
2018,bronx,all,All,white,12.0,10.3,3.0,25.0,9.0,7.7
2018,queens,all,All,other unknown,2.0,5.0,0.0,0.0,1.0,2.5
2018,bronx,all,Female,other unknown,0.0,0.0,0.0,,0.0,0.0
2018,bronx,all,All,other unknown,1.0,7.5,0.0,0.0,0.0,0.0
2018,bronx,all,Female,asian pacific islander,0.0,0.0,0.0,,0.0,0.0
2018,bronx,all,Male,white,10.0,17.7,2.0,20.0,6.0,10.6
2018,bronx,all,Male,other unknown,1.0,16.4,0.0,0.0,0.0,0.0
2018,brooklyn,all,All,asian pacific islander,24.0,8.9,7.0,29.2,15.0,5.5
2018,bronx,all,Male,latino hispanic,162.0,54.4,32.0,19.8,97.0,32.6
2018,brooklyn,all,All,all,536.0,25.1,104.0,19.4,299.0,14.0
2018,bronx,all,Male,black,139.0,88.8,27.0,19.4,113.0,72.2
2018,bronx,all,Male,asian pacific islander,2.0,8.6,0.0,0.0,2.0,8.6
2018,all,all,Female,latino hispanic,103.0,9.9,10.0,9.7,93.0,8.9
2018,bronx,all,All,latino hispanic,209.0,32.2,35.0,16.7,142.0,21.9
2021,queens,all,Male,black,62.0,37.3,10.0,16.1,39.0,23.4
2018,bronx,all,Male,all,314.0,58.1,61.0,19.4,218.0,40.4
2021,queens,all,Male,asian pacific islander,33.0,12.7,8.0,24.2,20.0,7.7
2018,queens,all,All,latino hispanic,178.0,34.0,34.0,19.1,80.0,15.3
2020,queens,bayside little neck,All,black,0.0,0.0,0.0,,0.0,0.0
2020,queens,bayside little neck,All,asian pacific islander,0.0,0.0,0.0,,0.0,0.0
2020,queens,bayside little neck,All,all,0.0,0.0,0.0,,0.0,0.0
2020,queens,bayside little neck,All,latino hispanic,0.0,0.0,0.0,,0.0,0.0
2017,queens,bayside little neck,Female,black,0.0,0.0,0.0,,0.0,0.0
2017,queens,bayside little neck,Male,asian pacific islander,1.0,6.6,0.0,0.0,0.0,0.0
2017,queens,bayside little neck,Female,latino hispanic,0.0,0.0,0.0,,0.0,0.0
2017,queens,bayside little neck,Female,other unknown,0.0,0.0,0.0,,0.0,0.0
2010,,bayside little neck,Female,asian pacific islander,0.0,0.0,0.0,0.0,0.0,0.0
2017,queens,bayside little neck,Female,white,1.0,6.1,0.0,0.0,0.0,0.0
2017,queens,bayside little neck,Male,all,4.0,11.1,1.0,25.0,1.0,2.8
2020,queens,bayside little neck,Male,white,0.0,0.0,0.0,,0.0,0.0
2017,queens,bayside little neck,Male,black,1.0,83.7,0.0,0.0,0.0,0.0
2017,queens,bayside little neck,Male,latino hispanic,2.0,50.2,1.0,50.0,1.0,25.1
2017,queens,bayside little neck,Male,white,0.0,0.0,0.0,,0.0,0.0
2010,,bayside little neck,Male,white,0.0,0.0,0.0,0.0,3.0,15.6
2011,,bayside little neck,Female,black,0.0,0.0,0.0,0.0,0.0,0.0
2017,queens,bayside little neck,Male,other unknown,0.0,0.0,0.0,,0.0,0.0
2010,,bayside little neck,Female,hispanic,0.0,0.0,0.0,0.0,1.0,21.7
2021,queens,bayside little neck,All,latino hispanic,0.0,0.0,0.0,,0.0,0.0
2021,queens,bayside little neck,Female,latino hispanic,0.0,0.0,0.0,,0.0,0.0
2021,queens,bayside little neck,Female,other unknown,0.0,0.0,0.0,,0.0,0.0
2017,queens,bayside little neck,All,all,5.0,6.5,1.0,20.0,1.0,1.3
2011,,bayside little neck,Male,white,2.0,10.5,0.0,0.0,1.0,5.2
2010,,bayside little neck,Male,hispanic,1.0,24.9,0.0,0.0,1.0,24.9
2021,queens,bayside little neck,All,other unknown,0.0,0.0,0.0,,0.0,0.0
2021,queens,bayside little neck,All,white,0.0,0.0,0.0,,0.0,0.0
2010,,bayside little neck,All,all,2.0,2.3,1.0,50.0,8.0,9.1
2020,queens,bayside little neck,All,other unknown,0.0,0.0,0.0,,0.0,0.0
2021,queens,bayside little neck,Female,all,0.0,0.0,0.0,,0.0,0.0
2021,queens,bayside little neck,Female,asian pacific islander,0.0,0.0,0.0,,0.0,0.0
2021,queens,bayside little neck,Female,black,0.0,0.0,0.0,,0.0,0.0
2010,,bayside little neck,Female,multiracial,0.0,0.0,0.0,0.0,0.0,0.0
2010,,bayside little neck,Male,native american,0.0,0.0,0.0,0.0,0.0,0.0
2013,,bayside little neck,Male,asian pacific islander,0.0,0.0,0.0,0.0,0.0,0.0
2013,,bayside little neck,Female,unknown,0.0,0.0,0.0,0.0,0.0,0.0
2013,,bayside little neck,Female,asian pacific islander,0.0,0.0,0.0,0.0,0.0,0.0
2012,,bayside little neck,Female,asian pacific islander,0.0,0.0,0.0,0.0,0.0,0.0
2017,queens,bayside little neck,All,asian pacific islander,1.0,3.1,0.0,0.0,0.0,0.0
2012,,bayside little neck,Male,black,1.0,107.0,0.0,0.0,0.0,0.0
2017,queens,bayside little neck,All,black,1.0,36.7,0.0,0.0,0.0,0.0
2017,queens,bayside little neck,All,latino hispanic,2.0,22.9,1.0,50.0,1.0,11.5
2017,queens,bayside little neck,All,other unknown,0.0,0.0,0.0,,0.0,0.0
2017,queens,bayside little neck,All,white,1.0,3.2,0.0,0.0,0.0,0.0
2017,queens,bayside little neck,Female,all,1.0,2.5,0.0,0.0,0.0,0.0
2017,queens,bayside little neck,Female,asian pacific islander,0.0,0.0,0.0,,0.0,0.0
2020,queens,bayside little neck,All,white,0.0,0.0,0.0,,0.0,0.0
2020,queens,bayside little neck,All,latino hispanic,0.0,0.0,0.0,,0.0,0.0
2020,queens,bayside little neck,Female,asian pacific islander,0.0,0.0,0.0,,0.0,0.0
2019,queens,bayside little neck,Female,other unknown,0.0,0.0,0.0,,0.0,0.0
2019,queens,bayside little neck,Female,latino hispanic,1.0,21.1,0.0,0.0,0.0,0.0
2019,queens,bayside little neck,Female,black,0.0,0.0,0.0,,0.0,0.0
2019,queens,bayside little neck,Female,asian pacific islander,0.0,0.0,0.0,,0.0,0.0
2019,queens,bayside little neck,Female,all,1.0,2.5,0.0,0.0,0.0,0.0
2012,,bayside little neck,Female,black,0.0,0.0,0.0,0.0,0.0,0.0
2019,queens,bayside little neck,All,white,0.0,0.0,0.0,,0.0,0.0
2019,queens,bayside little neck,All,other unknown,0.0,0.0,0.0,,0.0,0.0
2019,queens,bayside little neck,All,latino hispanic,1.0,11.5,0.0,0.0,0.0,0.0
2019,queens,bayside little neck,All,black,0.0,0.0,0.0,,0.0,0.0
2019,queens,bayside little neck,All,asian pacific islander,0.0,0.0,0.0,,0.0,0.0
2019,queens,bayside little neck,All,all,1.0,1.3,0.0,0.0,0.0,0.0
2011,,bayside little neck,Female,native american,0.0,0.0,0.0,0.0,0.0,0.0
2021,queens,bayside little neck,All,all,0.0,0.0,0.0,,2.0,2.5
2021,queens,bayside little neck,All,asian pacific islander,0.0,0.0,0.0,,1.0,2.9
2013,,bayside little neck,Male,multiracial,0.0,0.0,0.0,0.0,0.0,0.0
2021,queens,bayside little neck,All,black,0.0,0.0,0.0,,1.0,38.1
2019,queens,bayside little neck,Female,white,0.0,0.0,0.0,,0.0,0.0
2011,,bayside little neck,Male,black,2.0,214.8,0.0,0.0,0.0,0.0
2012,,bayside little neck,Female,all,0.0,0.0,0.0,0.0,0.0,0.0
2011,,bayside little neck,Male,asian pacific islander,0.0,0.0,0.0,0.0,0.0,0.0
2010,,bayside little neck,Female,black,0.0,0.0,0.0,0.0,0.0,0.0
2010,,bayside little neck,Female,all,0.0,0.0,0.0,0.0,1.0,2.2
2012,,bayside little neck,Female,unknown,0.0,0.0,0.0,0.0,0.0,0.0
2012,,bayside little neck,Male,hispanic,0.0,0.0,0.0,0.0,0.0,0.0
2012,,bayside little neck,All,all,2.0,2.3,0.0,0.0,0.0,0.0
2013,,bayside little neck,Male,native american,0.0,0.0,0.0,0.0,0.0,0.0
2011,,bayside little neck,Female,white,1.0,4.8,0.0,0.0,0.0,0.0
2010,,bayside little neck,Female,native american,0.0,0.0,0.0,0.0,0.0,0.0
2012,,bayside little neck,Male,all,2.0,4.7,0.0,0.0,0.0,0.0
2012,,bayside little neck,Male,native american,0.0,0.0,0.0,0.0,0.0,0.0
2011,,bayside little neck,Female,all,2.0,4.3,0.0,0.0,0.0,0.0
2013,,bayside little neck,Female,native american,0.0,0.0,0.0,0.0,0.0,0.0
2019,queens,bayside little neck,Male,white,0.0,0.0,0.0,,0.0,0.0
2019,queens,bayside little neck,Male,other unknown,0.0,0.0,0.0,,0.0,0.0
2019,queens,bayside little neck,Male,latino hispanic,0.0,0.0,0.0,,0.0,0.0
2019,queens,bayside little neck,Male,black,0.0,0.0,0.0,,0.0,0.0
2019,queens,bayside little neck,Male,asian pacific islander,0.0,0.0,0.0,,0.0,0.0
2019,queens,bayside little neck,Male,all,0.0,0.0,0.0,,0.0,0.0
2013,,bayside little neck,Male,hispanic,0.0,0.0,0.0,0.0,0.0,0.0
2012,,bayside little neck,Female,white,0.0,0.0,0.0,0.0,0.0,0.0
2012,,bayside little neck,Male,multiracial,1.0,178.2,0.0,0.0,0.0,0.0
2012,,bayside little neck,Female,hispanic,0.0,0.0,0.0,0.0,0.0,0.0
2013,,bayside little neck,Male,unknown,0.0,0.0,0.0,0.0,0.0,0.0
2011,,bayside little neck,Male,native american,0.0,0.0,0.0,0.0,0.0,0.0
2010,,bayside little neck,Male,all,2.0,4.8,1.0,50.0,7.0,16.7
2010,,bayside little neck,Male,multiracial,0.0,0.0,0.0,0.0,0.0,0.0
2011,,bayside little neck,All,all,6.0,6.8,0.0,0.0,1.0,1.1
2020,queens,bayside little neck,Male,white,0.0,0.0,0.0,,0.0,0.0
2020,queens,bayside little neck,Male,other unknown,0.0,0.0,0.0,,0.0,0.0
2020,queens,bayside little neck,Male,latino hispanic,0.0,0.0,0.0,,0.0,0.0
2020,queens,bayside little neck,Male,black,0.0,0.0,0.0,,0.0,0.0
2020,queens,bayside little neck,Male,asian pacific islander,0.0,0.0,0.0,,0.0,0.0
2020,queens,bayside little neck,Male,all,0.0,0.0,0.0,,0.0,0.0
2013,,bayside little neck,Female,black,0.0,0.0,0.0,0.0,0.0,0.0
2020,queens,bayside little neck,Female,white,0.0,0.0,0.0,,0.0,0.0
2020,queens,bayside little neck,Female,other unknown,0.0,0.0,0.0,,0.0,0.0
2020,queens,bayside little neck,Female,latino hispanic,0.0,0.0,0.0,,0.0,0.0
2020,queens,bayside little neck,Female,black,0.0,0.0,0.0,,0.0,0.0
2013,,bayside little neck,All,all,1.0,1.1,1.0,100.0,1.0,1.1
2020,queens,bayside little neck,Male,other unknown,0.0,0.0,0.0,,0.0,0.0
2011,,bayside little neck,Male,all,4.0,9.5,0.0,0.0,1.0,2.4
2020,queens,bayside little neck,Male,latino hispanic,0.0,0.0,0.0,,0.0,0.0
2020,queens,bayside little neck,All,all,0.0,0.0,0.0,,0.0,0.0
2020,queens,bayside little neck,All,asian pacific islander,0.0,0.0,0.0,,0.0,0.0
2020,queens,bayside little neck,All,black,0.0,0.0,0.0,,0.0,0.0
2010,,bayside little neck,Male,unknown,0.0,0.0,0.0,0.0,0.0,0.0
2020,queens,bayside little neck,All,other unknown,0.0,0.0,0.0,,0.0,0.0
2010,,bayside little neck,Female,unknown,0.0,0.0,0.0,0.0,0.0,0.0
2011,,bayside little neck,Male,unknown,0.0,0.0,0.0,0.0,0.0,0.0
2020,queens,bayside little neck,All,white,0.0,0.0,0.0,,0.0,0.0
2020,queens,bayside little neck,Female,all,0.0,0.0,0.0,,0.0,0.0
2011,,bayside little neck,Male,hispanic,0.0,0.0,0.0,0.0,0.0,0.0
2020,queens,bayside little neck,Female,asian pacific islander,0.0,0.0,0.0,,0.0,0.0
2020,queens,bayside little neck,Female,black,0.0,0.0,0.0,,0.0,0.0
2020,queens,bayside little neck,Female,latino hispanic,0.0,0.0,0.0,,0.0,0.0
2020,queens,bayside little neck,Female,other unknown,0.0,0.0,0.0,,0.0,0.0
2020,queens,bayside little neck,Female,white,0.0,0.0,0.0,,0.0,0.0
2020,queens,bayside little neck,Male,all,0.0,0.0,0.0,,0.0,0.0
2020,queens,bayside little neck,Male,asian pacific islander,0.0,0.0,0.0,,0.0,0.0
2020,queens,bayside little neck,Male,black,0.0,0.0,0.0,,0.0,0.0
2020,queens,bayside little neck,Female,all,0.0,0.0,0.0,,0.0,0.0
2013,,bayside little neck,Female,white,0.0,0.0,0.0,0.0,0.0,0.0
2013,,bayside little neck,Female,hispanic,0.0,0.0,0.0,0.0,0.0,0.0
2018,queens,bayside little neck,Male,other unknown,0.0,0.0,0.0,,0.0,0.0
2018,queens,bayside little neck,Female,white,0.0,0.0,0.0,,0.0,0.0
2018,queens,bayside little neck,Female,other unknown,0.0,0.0,0.0,,0.0,0.0
2018,queens,bayside little neck,Female,latino hispanic,0.0,0.0,0.0,,0.0,0.0
2010,,bayside little neck,Male,black,1.0,108.4,1.0,100.0,3.0,325.1
2021,queens,bayside little neck,Male,white,0.0,0.0,0.0,,0.0,0.0
2021,queens,bayside little neck,Male,other unknown,0.0,0.0,0.0,,0.0,0.0
2011,,bayside little neck,Male,multiracial,0.0,0.0,0.0,0.0,0.0,0.0
2021,queens,bayside little neck,Male,latino hispanic,0.0,0.0,0.0,,0.0,0.0
2018,queens,bayside little neck,Female,asian pacific islander,0.0,0.0,0.0,,0.0,0.0
2013,,bayside little neck,Female,all,0.0,0.0,0.0,0.0,0.0,0.0
2013,,bayside little neck,Male,all,1.0,2.3,1.0,100.0,1.0,2.3
2018,queens,bayside little neck,Female,all,0.0,0.0,0.0,,0.0,0.0
2018,queens,bayside little neck,All,white,0.0,0.0,0.0,,0.0,0.0
2018,queens,bayside little neck,All,latino hispanic,1.0,11.5,0.0,0.0,0.0,0.0
2018,queens,bayside little neck,Female,black,0.0,0.0,0.0,,0.0,0.0
2018,queens,bayside little neck,All,black,0.0,0.0,0.0,,0.0,0.0
2018,queens,bayside little neck,Male,all,1.0,2.8,0.0,0.0,0.0,0.0
2018,queens,bayside little neck,Male,black,0.0,0.0,0.0,,0.0,0.0
2016,queens,bayside little neck,Male,white,3.0,19.7,1.0,33.3,2.0,13.1
2016,queens,bayside little neck,Male,other unknown,0.0,0.0,0.0,,0.0,0.0
2016,queens,bayside little neck,Male,latino hispanic,0.0,0.0,0.0,,0.0,0.0
2016,queens,bayside little neck,Male,black,0.0,0.0,0.0,,0.0,0.0
2016,queens,bayside little neck,Male,asian pacific islander,0.0,0.0,0.0,,0.0,0.0
2016,queens,bayside little neck,Male,all,3.0,8.3,1.0,33.3,2.0,5.6
2018,queens,bayside little neck,Male,asian pacific islander,0.0,0.0,0.0,,0.0,0.0
2016,queens,bayside little neck,Female,white,0.0,0.0,0.0,,0.0,0.0
2018,queens,bayside little neck,Male,white,0.0,0.0,0.0,,0.0,0.0
2016,queens,bayside little neck,Female,latino hispanic,0.0,0.0,0.0,,0.0,0.0
2010,,bayside little neck,Male,asian pacific islander,0.0,0.0,0.0,0.0,0.0,0.0
2013,,bayside little neck,Male,black,0.0,0.0,0.0,0.0,0.0,0.0
2018,queens,bayside little neck,Male,latino hispanic,1.0,25.1,0.0,0.0,0.0,0.0
2011,,bayside little neck,Female,multiracial,0.0,0.0,0.0,0.0,0.0,0.0
2016,queens,bayside little neck,Female,other unknown,0.0,0.0,0.0,,0.0,0.0
2016,queens,bayside little neck,Female,black,0.0,0.0,0.0,,0.0,0.0
2018,queens,bayside little neck,All,other unknown,0.0,0.0,0.0,,0.0,0.0
2021,queens,bayside little neck,Male,black,0.0,0.0,0.0,,1.0,85.7
2011,,bayside little neck,Female,asian pacific islander,0.0,0.0,0.0,0.0,0.0,0.0
2011,,bayside little neck,Female,unknown,0.0,0.0,0.0,0.0,0.0,0.0
2021,queens,bayside little neck,Female,white,0.0,0.0,0.0,,0.0,0.0
2021,queens,bayside little neck,Male,all,0.0,0.0,0.0,,2.0,5.3
2021,queens,bayside little neck,Male,asian pacific islander,0.0,0.0,0.0,,1.0,6.2
2016,queens,bayside little neck,Female,asian pacific islander,1.0,5.8,1.0,100.0,1.0,5.8
2012,,bayside little neck,Male,asian pacific islander,0.0,0.0,0.0,0.0,0.0,0.0
2013,,bayside little neck,Male,white,1.0,5.3,1.0,100.0,1.0,5.3
2018,queens,bayside little neck,All,all,1.0,1.3,0.0,0.0,0.0,0.0
2011,,bayside little neck,Female,hispanic,1.0,21.5,0.0,0.0,0.0,0.0
2012,,bayside little neck,Female,multiracial,0.0,0.0,0.0,0.0,0.0,0.0
2010,,bayside little neck,Female,white,0.0,0.0,0.0,0.0,0.0,0.0
2012,,bayside little neck,Male,white,0.0,0.0,0.0,0.0,0.0,0.0
2016,queens,bayside little neck,All,all,4.0,5.2,2.0,50.0,3.0,3.9
2013,,bayside little neck,Female,multiracial,0.0,0.0,0.0,0.0,0.0,0.0
2016,queens,bayside little neck,Female,all,1.0,2.4,1.0,100.0,1.0,2.4
2016,queens,bayside little neck,All,other unknown,0.0,0.0,0.0,,0.0,0.0
2012,,bayside little neck,Male,unknown,0.0,0.0,0.0,0.0,0.0,0.0
2016,queens,bayside little neck,All,white,3.0,9.4,1.0,33.3,2.0,6.3
2016,queens,bayside little neck,All,latino hispanic,0.0,0.0,0.0,,0.0,0.0
2016,queens,bayside little neck,All,black,0.0,0.0,0.0,,0.0,0.0
2016,queens,bayside little neck,All,asian pacific islander,1.0,3.1,1.0,100.0,1.0,3.1
2018,queens,bayside little neck,All,asian pacific islander,0.0,0.0,0.0,,0.0,0.0
2012,,bayside little neck,Female,native american,0.0,0.0,0.0,0.0,0.0,0.0
2020,brooklyn,bedford stuyvesant crown heights,All,other unknown,2.0,36.3,0.0,0.0,0.0,0.0
2020,brooklyn,bedford stuyvesant crown heights,All,latino hispanic,10.0,27.5,4.0,40.0,16.0,44.0
2020,brooklyn,bedford stuyvesant crown heights,All,white,7.0,12.8,1.0,14.3,3.0,5.5
2020,brooklyn,bedford stuyvesant crown heights,All,black,81.0,48.7,16.0,19.8,43.0,25.9
2020,brooklyn,bedford stuyvesant crown heights,All,asian pacific islander,0.0,0.0,0.0,,0.0,0.0
2020,brooklyn,bedford stuyvesant crown heights,All,white,6.0,9.3,1.0,16.7,3.0,4.6
2011,,bedford stuyvesant crown heights,Female,multiracial,0.0,0.0,0.0,0.0,0.0,0.0
2020,brooklyn,bedford stuyvesant crown heights,All,latino hispanic,13.0,33.1,5.0,38.5,17.0,43.3
2020,brooklyn,bedford stuyvesant crown heights,All,black,81.0,46.3,17.0,21.0,44.0,25.1
2020,brooklyn,bedford stuyvesant crown heights,All,asian pacific islander,0.0,0.0,0.0,,0.0,0.0
2012,,bedford stuyvesant crown heights,Male,multiracial,0.0,0.0,0.0,0.0,0.0,0.0
2020,brooklyn,bedford stuyvesant crown heights,All,all,102.0,34.4,23.0,22.5,64.0,21.6
2018,brooklyn,bedford stuyvesant crown heights,Male,white,8.0,28.9,1.0,12.5,2.0,7.2
2020,brooklyn,bedford stuyvesant crown heights,All,all,100.0,36.6,21.0,21.0,62.0,22.7
2020,brooklyn,bedford stuyvesant crown heights,Female,all,17.0,11.2,5.0,29.4,23.0,15.2
2020,brooklyn,bedford stuyvesant crown heights,All,other unknown,2.0,32.1,0.0,0.0,0.0,0.0
2020,brooklyn,bedford stuyvesant crown heights,Female,asian pacific islander,0.0,0.0,0.0,,0.0,0.0
2013,,bedford stuyvesant crown heights,Male,unknown,0.0,0.0,0.0,0.0,0.0,0.0
2020,brooklyn,bedford stuyvesant crown heights,Female,latino hispanic,2.0,9.9,2.0,100.0,6.0,29.7
2021,brooklyn,bedford stuyvesant crown heights,All,white,7.0,11.5,2.0,28.6,5.0,8.2
2021,brooklyn,bedford stuyvesant crown heights,Female,all,17.0,10.8,2.0,11.8,15.0,9.5
2012,,bedford stuyvesant crown heights,Female,all,53.0,30.2,15.0,28.3,56.0,31.9
2021,brooklyn,bedford stuyvesant crown heights,Female,asian pacific islander,0.0,0.0,0.0,,0.0,0.0
2021,brooklyn,bedford stuyvesant crown heights,Female,black,9.0,9.3,2.0,22.2,13.0,13.5
2021,brooklyn,bedford stuyvesant crown heights,Female,latino hispanic,7.0,33.1,0.0,0.0,2.0,9.4
2010,,bedford stuyvesant crown heights,Female,black,56.0,43.7,15.0,26.8,73.0,56.9
2021,brooklyn,bedford stuyvesant crown heights,Female,other unknown,0.0,0.0,0.0,,0.0,0.0
2021,brooklyn,bedford stuyvesant crown heights,Female,white,1.0,3.3,0.0,0.0,0.0,0.0
2021,brooklyn,bedford stuyvesant crown heights,Male,all,98.0,75.8,25.0,25.5,52.0,40.2
2021,brooklyn,bedford stuyvesant crown heights,Male,asian pacific islander,3.0,61.4,0.0,0.0,1.0,20.5
2010,,bedford stuyvesant crown heights,Female,native american,0.0,0.0,0.0,0.0,0.0,0.0
2021,brooklyn,bedford stuyvesant crown heights,Male,black,73.0,98.4,20.0,27.4,40.0,53.9
2021,brooklyn,bedford stuyvesant crown heights,Male,latino hispanic,15.0,87.2,3.0,20.0,6.0,34.9
2021,brooklyn,bedford stuyvesant crown heights,Male,other unknown,1.0,39.5,0.0,0.0,0.0,0.0
2021,brooklyn,bedford stuyvesant crown heights,Male,white,6.0,19.7,2.0,33.3,5.0,16.4
2012,,bedford stuyvesant crown heights,Female,asian pacific islander,0.0,0.0,0.0,0.0,1.0,27.7
2021,brooklyn,bedford stuyvesant crown heights,All,other unknown,1.0,16.3,0.0,0.0,0.0,0.0
2021,brooklyn,bedford stuyvesant crown heights,All,latino hispanic,22.0,57.3,3.0,13.6,8.0,20.8
2021,brooklyn,bedford stuyvesant crown heights,All,black,82.0,48.1,22.0,26.8,53.0,31.1
2012,,bedford stuyvesant crown heights,Male,asian pacific islander,1.0,34.2,1.0,100.0,3.0,102.5
2020,brooklyn,bedford stuyvesant crown heights,Female,other unknown,1.0,30.4,0.0,0.0,0.0,0.0
2020,brooklyn,bedford stuyvesant crown heights,Female,white,0.0,0.0,0.0,,1.0,3.6
2013,,bedford stuyvesant crown heights,Male,black,112.0,111.6,21.0,18.8,73.0,72.7
2020,brooklyn,bedford stuyvesant crown heights,Male,all,83.0,68.2,16.0,19.3,39.0,32.0
2013,,bedford stuyvesant crown heights,Male,all,143.0,98.6,27.0,18.9,89.0,61.4
2020,brooklyn,bedford stuyvesant crown heights,Male,asian pacific islander,0.0,0.0,0.0,,0.0,0.0
